PhysicalDataID,SurfaceIRR,Depth1,SubSurfaceIRR1,Depth2,SubSurfaceIRR2,Depth3,SubSurfaceIRR3,Depth4,SubSurfaceIRR4,FieldComments,Field1
222,1950,0.02,1532,0.06,1038,0.53,531,2.22,89.74,,
224,1803.4,0.04,1256.5,0.07,921.8,0.22,486,0.92,19.27,,
225,1930,0.08,1576.6,0.09,1059.5,0.19,525.3,0.62,23.26,,
227,2077,0.04,1550,0.09,1065.2,0.19,506.4,0.71,20.56,,
228,1976,0.003,1452,0.01,964,0.016,523,0.042,29.3,,
229,2114,0.09,1558.2,0.14,1090,0.2,509.02,0.38,49.39,,
230,2023,0.005,1643.2,0.06,1146.7,0.23,520.3,0.89,22.5,,
233,1580.6,0.06,1064,0.39,759.2,0.79,389.3,1.98,60.34,,
234,2066,0.08,1653,0.12,849,0.28,547,0.4,25,,
239,1980.9,0.06,1541.5,0.08,1060.2,0.16,509.6,0.58,23.56,,
241,1973.7,0.07,1522.1,0.16,1005,0.29,500.3,1,20.36,,
243,1826.2,0.04,1367,0.07,928.2,0.41,458.6,2.23,38.65,,
244,1848.6,0.06,1346.7,0.08,888.9,0.18,457.2,0.82,19.89,,
245,1998.6,0.02,1500.1,0.06,986.6,0.22,491.2,1.03,20.01,,
246,901,0.01,650.9,0.05,473.4,0.19,220.4,0.77,8.99,,
247,454,0.02,359.5,0.04,220.6,0.53,113.57,1.85,16.86,,
248,1906.6,0.06,1417.2,0.09,922.9,0.19,417.7,0.48,21.31,,
249,2048,0.05,1562.5,0.08,1048.5,0.18,490.8,0.68,24.72,,
250,1989.9,0.05,1514.6,0.13,1045.7,0.25,505.7,0.82,22.28,,
251,1829.2,0.04,1382.9,0.08,895.9,0.32,473.8,1.42,18.07,,
252,1691.7,0.06,1255,0.22,846.7,0.41,419.23,1.2,16,,
253,1962.5,0.03,1498,0.14,1010.7,0.57,498.2,2.19,19.19,,
254,805.2,0.03,565.5,0.09,402.6,0.27,227.2,1.12,7.05,,
255,1596.7,0.03,1231.7,0.05,955.4,0.08,398.6,1.95,17.43,,
256,1934.3,0.03,1404.1,0.07,909.3,0.23,505.4,0.73,19.08,,
257,2146,0.01,1600,0.03,1116.2,0.82,511.7,2,78.4,,
258,2000,0.05,1507.2,0.16,1021.7,0.37,518,1.64,21.49,,
259,2079,0.06,1643,0.11,1051,0.27,576.5,1.7,21.1,,
261,2020,0.06,1539,0.12,1082.9,0.25,506.1,0.78,20.6,,
262,1829.6,0.04,1329,0.39,915.4,0.7,463.5,1.96,43.83,,
263,2002,0.06,1485,0.13,991.2,0.19,509.9,0.57,20.83,,
264,1889.5,0.03,1398.2,0.12,916.8,0.61,477.3,2.14,41.25,,
265,2054,0.03,1484.5,0.05,1039.7,0.14,499.7,0.31,20.32,,
266,2184,0.04,1642.8,0.31,1127.5,0.87,550.7,2.1,40.66,,
267,1884.7,0.08,1382.5,0.11,952.6,0.18,474.5,0.45,18.28,,
268,2000.74,0.03,1541.2,0.11,1006.8,0.59,522,2,66.6,,
270,2053,0.05,1531,0.14,996,0.3,523,0.87,22,,
271,2123,0.06,1643,0.1,1083.1,0.77,538,1.97,19.88,,
272,2202,0.06,1647.8,0.14,1151.6,0.3,578.6,0.85,21.94,,
273,2069,0.02,1457,0.05,950,0.39,505,2.12,37.3,,
274,1983,0.04,1482,0.06,1021.7,0.27,489,0.72,23.43,,
275,2125,0.04,1609,0.14,1070,0.66,538,2,40.4,,
276,2072,0.03,1555,0.15,1054.6,0.23,552.4,0.57,19.53,,
277,2050,0.03,1539,0.22,1019.9,0.5,551.3,1.9,42.23,,
278,2100,0.03,1578.7,0.1,1012,0.12,608.24,0.36,22.08,,
279,2114.1,0.07,1533,0.22,1087.9,0.62,575.1,1.81,67.42,,
280,2091,0.08,1575.2,0.11,1073.4,0.16,537.5,0.42,28.77,,
281,257.1,0.02,192.79,0.04,130.71,0.51,64.77,1.23,25.51,,
282,433.8,0.02,321,0.05,219.1,0.26,108.11,0.46,42.12,,
283,1708,0.03,1331.9,0.06,873.2,0.42,434.2,2.07,26.55,,
284,1880.4,0.02,1407.4,0.06,1940.6,0.15,456.5,0.82,18.84,,
285,129.7,0.03,94.3,0.05,60.8,0.07,32.7,0.26,1.2,,
286,135,0.06,105.9,0.08,68.9,0.11,33.8,0.39,1.5,,
287,613.7,0.03,482,0.06,316.1,0.13,150.33,0.65,6.24,,
288,359.6,0.02,263.9,0.05,162.3,0.09,99.9,0.42,3.4,,
289,1995.1,0.06,1737.4,0.09,1160.05,0.17,545.7,0.71,21.55,,
290,2077,0.04,1540.8,0.08,1006.1,0.23,509.4,1.03,18.3,,
292,1060.4,0.03,850.6,0.07,613,0.37,242.4,0.74,9.62,,
293,957.9,0.03,800,0.05,468.5,0.09,261.5,0.52,10.45,,
294,2122,0.03,1551.8,0.25,1072.6,0.46,525.2,1.46,21.3,,
295,1713,0.02,1318,0.05,812.4,0.21,439.7,0.74,18.82,,
296,240.6,0.04,193,0.16,115.73,0.43,57.61,0.64,24.81,,
298,267.7,0.03,214.2,0.09,141.9,0.26,71.3,0.95,2.6,,
299,1164,0.05,806.3,0.21,537.9,28,286.2,0.78,11.6,,
300,2090,0.02,1544,0.05,1071.2,0.21,529.7,0.89,25.6,,
301,1157.9,0.05,873.2,0.37,596.7,0.69,285.3,1.97,25.9,,
302,2032,0.05,1588.3,0.13,1045,0.28,501.4,0.82,20.49,,
304,1383.1,0.03,1010.7,0.07,645.2,0.29,319,1.55,2.6,,
305,459.6,0.03,345.5,0.15,242.5,0.33,115.76,2.09,9.43,,
308,1892.6,0.04,1435,0.2,958.6,0.62,482.7,2.21,30.17,,
309,1956.5,0.03,1445.6,0.13,983.8,0.31,496.7,1.02,19.87,,
310,500,0.04,391.7,0.05,243.6,0.56,125.3,2.23,10,,
311,557.5,0.05,426.9,0.09,274.9,0.22,146.04,0.74,5.47,,
312,1931.3,0.04,1551.1,0.07,959.8,0.27,472.7,0.75,22.7,,
313,2193,0.03,1607.2,0.06,1085.8,0.76,535.5,2.19,23.38,,
318,2188,0.02,1646.4,0.07,1064,0.3,560.6,1.46,21.54,,
319,2463,0.03,1843.6,0.11,1279.8,0.27,642,0.96,27.2,,
320,2077,0.05,1496.9,0.08,970,0.48,518.1,1.9,54.76,,
321,2348,0.04,1756,0.13,1218.5,0.29,617.6,1.15,23.99,,
322,2389,0.07,1784.7,0.22,1213.2,0.84,594.4,2.41,107.7,,
324,2050,0.09,1541,0.18,1008,0.36,504,1.12,18,,
325,1848,0.05,686,0.07,421,0.62,215,2,39.8,,
326,2880,0.08,2232,0.21,1445,0.34,685,1.28,26,,
327,2200,0.05,1629,0.21,1101,0.75,558,1.92,83,,
328,2208,0.05,1606.4,0.2,1094,0.38,555.1,1.2,19.76,,
329,2400,0.04,1838,0.14,1225,0.31,618,0.97,25,,
330,2700,0.05,2005,1.06,1406,2,100,,,,
331,2200,0.05,1665,0.1,1174,0.19,528,0.5,23,,
337,2478,0.06,1860.3,0.15,1229.5,0.2,585.16,0.52,24.8,,
338,2300,0.04,1522,0.05,1095,0.63,564,1.9,77,,
339,2291,0.03,1652.9,0.16,1139.2,0.47,586.1,1.28,26.65,,
340,1263.3,0.02,892.7,0.07,671.4,0.15,322.1,0.53,10.59,,
341,1281.9,0.03,1019.5,0.04,632.8,0.18,324.5,1.72,13.76,,
344,2566,0.03,1807.1,0.06,1285.8,0.14,627.5,0.45,27.93,,
345,2455,0.04,1853.9,0.27,1243.7,0.6,573.7,1.68,43.9,,
346,2476,0.02,1807.5,0.16,1252.9,0.56,662.6,2.11,41.34,,
347,2435,0.06,1797,0.13,1238.4,0.25,598.1,0.75,25.61,,
352,2954,0.02,2400,0.11,1495,0.27,746.1,0.82,32.53,,
353,2439,0.04,1682.5,0.23,1179.2,0.45,650.9,1.35,63.28,,
354,2552,0.1,1939.6,0.26,1292.9,0.44,662.2,1.2,58.96,,
355,2265,0.04,1608,0.21,1129,0.6,540.4,1.3,83.68,,
358,1645,0.03,1271,0.1,837.2,0.26,467.5,1.1,15.84,,
359,1233.8,0.03,908.1,0.04,623.6,0.3,287.4,1.22,31.3,,
360,2225,0.06,1641.8,0.17,1075.1,0.42,574,1.44,38.62,,
361,1481.3,0.01,1127.2,0.04,759.2,0.26,376.5,1.44,61.58,,
362,1802.5,0.04,1374,0.18,917.9,0.43,430.8,1.33,21.21,,
363,1330.5,0.01,966.4,0.02,676.4,0.26,335.5,1.15,18.26,,
366,426.8,0.01,292.8,0.02,201.8,0.03,100.5,0.84,5.98,,
367,2615,0.04,1958.4,0.09,1215.7,0.13,640.6,0.35,27.3,,
369,633.2,0.01,310.1,0.02,249.7,0.05,56.2,1.05,9.3,,
370,1171.9,0.04,716.4,0.08,318.8,0.12,260.8,0.88,11.76,,
371,991.3,,,0.01,472.3,0.1,285.5,0.8,10.08,1-NOT POSSIBLE,
372,,0.01,404.6,0.02,313,0.05,205,0.9,7.56,,
375,332.4,0.05,254,0.36,178,0.58,76.6,0.46,4.3,,
376,2130,0.02,1330,0.13,1036,0.21,513,0.97,21.5,,
377,1471.2,0.04,986.2,0.09,681.7,0.2,335.5,0.7,13.41,,
378,1764.5,0.04,1368,0.05,824,0.1,461.5,0.77,16.58,,
379,593.8,0.02,325.6,0.12,279.3,0.37,154.4,0.97,39.15,,
380,525.4,0.07,2334,0.14,136.34,0.2,73.13,0.46,5.67,,
381,428.1,0.06,216.3,0.13,105.95,0.19,51.2,0.38,4.41,,
382,1339,0.1,633.9,0.2,485.5,0.29,234.9,0.7,15.93,,
383,417.1,0.06,285.7,0.11,195.45,0.28,92.43,0.67,4.39,,
384,171.2,0.06,827.6,0.15,569.1,0.2,347.7,1.05,12.01,,
385,2253,0.08,1186.7,0.4,526.6,0.61,246.4,1.5,24.03,,
386,2292,0.06,1260,0.12,644.1,0.18,323.6,0.47,21.33,,
387,2409,0.05,1324.1,0.09,1003.2,0.19,497.5,0.65,26.73,,
388,2109,0.06,1428.9,0.1,922.5,0.16,511.7,0.52,20.56,,
389,441,0.01,283.7,0.03,228.8,0.1,127.6,0.63,6.5,,
390,477.7,1.35,5.08,0.06,334.1,0.24,206.1,0.42,98.31,,
391,534.3,0.06,233.5,0.33,147.28,0.59,82.97,1.7,7.32,,
392,248.8,0.07,156.46,0.22,112.33,38,75.92,1.19,7.64,,
393,257.1,0.05,174.62,0.1,115.06,0.23,53.97,0.85,2.56,,
394,293.2,0.06,153.27,0.25,84.14,0.37,44.65,1.17,3.28,,
395,692.4,0.06,563.7,0.13,359.5,0.24,135.67,0.2,6.65,,
396,160.85,0.05,72.21,0.1,53.08,0.19,26.27,0.51,1.51,,
397,328.8,0.08,236.4,0.12,154.93,0.19,85.45,0.42,3.9,,
398,2359,0.07,1399.5,0.12,720.3,0.22,287.5,0.64,26.44,,
399,149.14,0.05,93.49,0.09,72.95,0.23,36.95,0.83,2.65,,
400,254.9,0.05,107.55,0.1,77.87,0.22,45.71,0.82,3.92,,
401,1900,0.05,927.5,0.1,474.2,0.23,181.28,0.52,19.19,,
402,255.8,0.05,183.83,0.1,130.07,0.27,86.23,0.8,4,,
403,332.7,0.05,194.78,0.1,101.25,0.16,43.92,0.42,4.16,,
405,392.9,0.07,286.3,0.14,191.45,0.28,97.14,0.9,10.8,,
406,633.2,0.05,311.5,0.12,1267.71,0.16,88.35,0.57,9.6,,
407,1458.3,0.06,1336.1,0.1,727.4,0.184,356,0.6,14.42,,
408,995.5,0.06,438,0.23,260.3,0.31,160.17,0.88,11.6,,
409,1527.9,0,752.5,0.01,424.6,0.03,327.2,0.41,18.44,,
410,2505,0.06,1406.6,0.26,1008.5,0.53,516.3,1.8,29.4,,
411,2232,0.06,1453.4,14,933.5,0.27,491.2,1.18,22.14,,
412,2259,0.08,1509.3,0.18,1122.6,0.39,516.3,1.2,21.09,,
413,170.17,0.06,105.332,0.21,60.73,0.4,28.78,0.9,2.56,,
414,687.6,0.05,421.2,0.33,307.11,0.8,178.2,1.81,29.74,,
415,1061.3,0.06,559.5,0.13,243.4,0.2,92.28,0.45,9.08,,
416,717.1,0.06,431.6,0.13,289.5,0.3,123.17,0.95,7.3,,
417,1837.9,0.06,1198.7,0.15,553.1,0.37,288.3,1.03,24.59,,
418,2404,0.12,1659.5,0.2,1012.8,0.4,381.9,0.88,23.42,,
419,2228,0.06,1401,0.16,913.6,0.32,458.2,1.09,1.28,,
420,2537,0.1,1477.5,0.23,1058.5,0.5,468.1,1.53,25.82,,
421,1020,0.06,692,0.27,468.8,0.57,245.5,1.25,38.53,,
422,2240,0.06,1559.6,0.28,1076.2,0.54,528.3,1.71,26.37,,
423,2207,0.1,1532,0.25,985.2,0.47,525.2,1.58,23.31,,
424,756,0.08,511,0.15,301.7,0.48,141.37,1.08,9.64,,
425,1332.3,0.14,1015.5,0.26,649.9,0.54,325.9,0.87,139.57,,
426,630.1,0.06,314.4,0.45,156.97,1.1,54.79,1.9,10.7,,
427,2278,0.1,1504.5,0.23,1038.6,0.45,404.9,1.25,27.85,,
428,1801.6,0.05,902.9,0.56,488,1.25,199.35,1.9,65.09,,
429,1970.7,0.11,1303.5,0.21,767.5,0.4,302.6,0.9,29.44,,
430,1710.1,0.06,928.7,0.46,574.1,0.51,231.8,0.41,22.77,,
431,1000.9,0.05,645.9,0.16,590,0.24,321.1,0.8,12.1,,
432,2186,0.07,1393.2,0.13,1016.7,0.4,530.5,1.2,24.79,,
433,249.2,0.15,1612.7,0.25,1183.9,0.47,467.8,1.05,24.4,,
434,2345,0.12,1527,0.35,1011,0.6,537.5,1.5,40.53,,
435,2260,0.06,1425.7,0.2,1030.1,0.58,487.3,1.45,37.78,,
436,2252,0.1,1667.6,0.25,1042.9,0.42,465.3,1.08,34.29,,
437,2336,0.1,1529.5,0.23,958.2,0.41,448.3,0.85,29.12,,
438,2204,0.2,1475.7,0.42,939.5,0.67,460.3,1.55,47.32,,
439,2258,0.07,1488.8,0.17,1010.7,0.32,527.6,0.91,21.46,,
440,2183,0.12,1538.7,0.17,1137.5,0.38,511.3,0.67,36.54,,
441,2258,0.25,1515,0.48,1015.3,0.87,530.5,1.7,86.51,,
442,2343,0.08,1472.1,0.19,1076.5,0.33,545,0.79,47.84,,
445,660.7,0.05,490.7,0.1,326.4,0.26,165.3,1.15,6.26,,
446,1257.6,0.75,946.6,0.25,628.3,0.39,311.8,1.19,12.7,,
447,598.8,0.01,449,0.05,301.8,0.24,148.37,0.48,59.58,,
448,277.9,0.05,207,0.08,137.8,0.48,69.28,1.38,27,,
449,1895.4,0.23,1423,0.44,948.7,0.39,474.02,1.01,19.1,,
450,1939.2,0.1,1457.6,0.15,969.6,0.27,484.4,0.86,19.32,,
451,1641.5,0.07,1224.6,0.08,817.7,0.2,410.4,1.4,16.42,,
452,1258.9,0.02,941.2,0.06,621.8,0.17,314.8,0.73,12.84,,
453,1307.9,0.07,978.1,0.14,653.3,0.23,324.7,0.79,13.5,,
454,726,0.03,544,0.05,365.4,0.36,181.46,0.59,7.29,,
455,2129,0.04,1574,0.1,1063,0.21,531,0.73,21,,
456,2070,0.03,1554,0.11,1385,0.36,517.8,1.49,20.03,,
457,2218,0.02,1645,0.05,1186,0.38,558,1.82,24.46,,
458,2062,0.05,1542.6,0.32,1023.4,0.58,509.6,0.87,22.07,,
459,2590,0.04,1938.2,0.06,1297.36,0.43,648.2,1.98,27.36,,
460,822,0.03,610.1,0.06,412,0.3,205.4,1.14,12,,
461,1497.1,0.04,1118.7,0.05,747.9,0.34,370.7,1.32,15.1,,
462,1688.5,0.01,1269.5,0.06,845.7,0.16,425.6,0.96,16.8,,
463,1963.4,0.06,1481.3,0.19,982,0.37,493.6,1.08,19.3,,
464,1839.7,0.03,1375.5,0.09,911.2,0.29,462.1,1.63,22.7,,
465,1811.7,0.04,1348.5,0.15,904.8,0.69,452.2,1.48,12.32,,
466,2017,0.05,1515,0.16,1005,0.31,505,0.93,21.03,,
467,2089,0.03,1554,0.05,1026.2,0.19,538.5,2.24,22.62,,
468,582.5,0.01,367,0.04,291,0.1,144.5,0.62,5.5,,
469,1966.7,0.04,1475,0.1,981,0.59,492,1.52,35,,
470,2049,0.01,1450,0.04,1018,0.15,517,0.98,21.5,,
472,2291,0.01,1205,0.02,1159,0.13,580,0.57,23.9,,
473,896.9,0.03,647.5,0.05,440,0.39,217.3,1.52,12.6,,
477,755.7,0.02,556,0.05,377.02,0.39,188.09,1.45,7.56,,
478,548.2,0.04,336.4,0.06,275,0.15,137.8,0.53,5.4,,
480,1873.4,0.04,1399,0.11,933,0.18,460.1,0.58,18.3,,
481,1864.1,0.01,1381,0.03,933,0.44,464,2.37,28,,
499,1878.2,0.08,1420,0.12,912,0.25,420,0.7,21,,
500,1852,0.05,1363,0.08,916,0.54,480,2.13,39,,
503,1845,0.04,1358,0.09,933,0.21,424,0.6,19.5,,
504,1751.8,0.03,1363,0.06,863,0.5,432,2.2,24,,
505,1796.5,0.06,1370,0.15,897,0.26,447,1.13,17.5,,
506,1689.2,0.03,1264.6,0.05,855.6,0.34,429.5,2.14,16.52,,
554,1827,0.04,1389.6,0.17,926.4,0.3,446.5,0.89,18.29,,
555,1692,0.04,1227.4,0.05,854.5,0.33,434.5,2.2,16.33,,
556,692.5,0.01,519.6,0.04,349.1,0.26,172.6,0.94,6.98,,
557,128.5,0.02,96,0.04,64.38,0.44,32.47,1.95,1.93,Depth 4 is the max pole length,
558,1884.3,0.04,1478.7,0.12,965.7,0.21,465.7,0.69,18.48,,
559,1617.1,0.03,1208,0.05,817,0.19,409,2.52,40.37,,
560,1284.5,0.02,969.6,0.05,643,0.1,315.8,2.4,22.03,,
561,1895,0.03,1430,0.09,953,0.21,468.8,0.84,19.4,,
562,1642.3,0.05,1201.9,0.07,814.8,0.41,412.2,2.35,38.1,,
563,1321.6,0.06,957.2,0.19,654.8,0.24,338.9,0.81,13,,
564,180.46,0.03,135.42,0.13,90.58,0.55,45.57,2.03,3.2,,
565,1372.4,0.07,1012.1,0.17,692.3,0.31,340.8,1.13,13.01,,
566,1349.3,0.02,1004,0.05,670,0.06,337,0.71,13.5,,
567,1736.5,0.04,1346,0.09,868.7,0.26,434.5,1,17.29,,
568,852.8,0.07,639,0.11,426.2,0.31,211,1.14,8.4,,
569,668.9,0.02,504.3,0.05,336,0.37,167.8,2.15,10.3,,
570,1417.7,0.03,1063,0.04,703,0.07,357,1.58,14.02,,
571,1745.9,0.04,1318.8,0.07,875.7,0.19,438.7,0.8,17.25,,
572,754.3,0.05,565.5,0.1,373.3,0.19,188.3,0.64,7.5,,
573,300.4,0.03,237.2,0.06,150,0.18,74.8,0.57,3.23,,
574,2025,0.04,1525.6,0.17,1012.4,0.5,505.7,1.92,20.65,,
575,664.4,0.08,492,0.15,332,0.22,169,0.76,6.5,,
577,2190,0.05,1657.7,0.22,1098.1,0.61,547.5,2.27,23.77,,
578,1670,0.03,1275.6,0.04,824.7,0.1,418.2,0.69,16.93,,
579,2120,0.04,1577,0.24,1055,0.76,531,2.22,56,,
580,1323,0.08,994,0.13,661,0.27,336,0.85,13.4,,
581,297.3,0.04,223.8,0.07,148.42,0.31,73.66,1.21,2.98,,
582,866.5,0.04,645.2,0.08,432,0.19,215.3,0.77,8.71,,
583,1831.5,0.06,1360,0.14,916,0.26,450,0.83,18.3,,
584,1835,0.03,1356,0.08,900,0.46,459,2.12,22,,
585,838.9,0.03,622.5,0.06,418.9,0.15,211,0.51,8.49,,
586,2144,0.07,1602,0.18,1070,0.32,536,0.95,21.42,,
587,2063,0.08,1545,0.09,1038,0.14,519,0.56,21.04,,
589,1634,0.03,1236.6,0.05,802.1,0.15,405.5,0.85,19.19,,
590,804.6,0.01,815,0.05,417,0.59,202,1.41,29.4,,
591,1978.5,0.04,1462.6,0.11,987.3,0.24,499.3,0.69,19.76,,
592,2030,0.06,1523.5,0.4,1013.2,1.01,507.8,2.55,42.03,,
593,1773.9,0.05,1356.3,0.1,868,0.17,440.2,0.58,17.46,,
594,1126,0.04,840,0.1,546,0.18,288.6,0.49,11.86,,
595,2186,0.03,1638.2,0.22,1093.2,0.76,545,2.53,32.9,,
596,2109,0.01,1467.9,0.07,1039.7,0.14,523.1,0.43,21.83,,
597,2010,0.04,1571,0.09,1007.1,0.6,500,2.45,30.59,,
598,1888.9,0.01,1367.7,0.08,942.3,0.12,477.3,0.43,18.6,,
599,1799,0.03,1350.7,0.05,901.2,0.48,451.1,2.37,17.84,,
600,1795,0.03,1352.4,0.06,877.9,0.55,450.1,1.45,24.56,,
601,2020,0.07,1517.8,0.13,1008.2,0.21,508.8,0.58,20.24,,
602,1976,0.02,1479.1,0.08,984.7,0.18,491.3,0.59,19.77,,
603,1762.4,0.04,1319.1,0.06,889.2,0.41,447.2,2.35,22.42,,
646,669.6,0.02,507.3,0.05,339.5,0.1,166.4,1.66,4.6,,
647,1401.6,0.09,1038.6,0.16,700.5,0.25,349.8,0.73,13.99,,
648,1552.5,0.04,1166.5,0.06,783.7,0.48,387.4,2.55,15.65,,
649,744,0.05,550.7,0.14,375,0.33,187,1.2,7.56,,
651,1901.2,0.05,1457.6,0.11,945.9,0.26,469.5,0.85,19.92,,
652,945.2,0.03,709,0.05,475,0.07,235,1.76,9.49,,
653,1768.9,0.04,1355,0.06,849,0.5,446,2.37,41,,
654,1924.7,0.08,1445,0.13,966,0.23,482,0.7,19.3,,
655,1621.9,0.03,1220.4,0.05,808,0.26,405,2.25,57,,
656,1853.3,0.07,1382.5,0.14,929.2,0.24,455,0.64,18.43,,
657,1839,0.07,1383.2,0.15,918.2,0.25,455.7,0.97,13.92,,
658,1145.5,0.03,1169.3,0.04,751.1,0.31,337.5,2.3,59.99,,
659,1826.8,0.05,1382.5,0.07,902.7,0.2,460,0.82,18.36,,
660,2038,0.04,1517.5,0.08,1011.4,0.72,510.3,2.22,79.65,,
661,159.51,0.03,120,0.05,79,0.25,39.8,2.01,1.62,,
662,529.6,0.05,400.2,0.07,269.7,0.2,133.83,0.85,6.74,,
663,1880.5,0.06,1405.9,0.1,953.7,0.21,470.38,0.73,18.82,,
664,270.7,0.03,205.3,0.07,134.4,0.15,68.03,0.79,2.7,,
665,1559.5,0.04,1148,0.06,773,0.14,389,0.98,15.53,,
666,1800,0.05,1391.7,0.07,902,0.18,450.8,0.7,18.21,,
667,692.6,0.03,523,0.08,346.4,0.17,174.4,0.29,69.1,,
668,2259,0.02,1671,0.06,1136,0.1,572,0.28,22.37,,
669,1158.9,0.04,869.4,0.06,574.6,0.16,288.6,1.16,11.67,,
670,1766,0.04,1333,0.07,882.5,0.15,442,0.61,17.52,,
671,1945,0.06,1445,0.14,965,0.29,485,1.14,1933,,
672,1683,0.03,1262,0.05,842,0.18,420.7,1.77,1686,,
673,237,0.03,177.6,0.05,118.5,0.48,59.21,2.23,3.48,,
674,376.9,0.03,283.4,0.1,188.15,0.29,94.69,1.22,3.36,,
676,1585.41,0.02,1187.7,0.05,801.4,0.19,399.1,1.49,15.56,,
677,1794.5,0.04,1349.4,0.1,899.5,0.21,445.1,0.84,18.04,,
678,1970.7,0.03,1480,0.05,919,0.37,495,1.56,19.6,,
679,2083,0.05,1563,0.14,1040.9,0.17,774,0.95,20.8,,
680,1346.7,0.03,1344,0.05,660,0.22,338,1.94,13.8,,
681,1728.5,0.05,1307,0.13,854.5,0.25,442.6,0.87,17.18,,
682,1728.5,0.04,1299,0.07,848.5,0.43,433.8,1.23,35.4,,
683,2016,0.06,1504,0.17,1007,0.34,508,1.15,20.4,,
684,895.5,0.04,679.2,0.06,457.1,0.45,224.7,2.47,38.7,,
685,1955.8,0.06,1471.1,0.15,978.4,0.29,491.2,0.97,19.66,,
686,1786.4,0.05,1328.7,0.1,890.2,0.73,441.9,2.49,40.5,,
687,2039,0.05,1537,0.13,1017,0.3,512,1.04,20.29,,
689,1732.1,0.05,1269,0.13,883,0.23,436,0.92,17.9,,
690,1499.9,0.04,1112.7,0.05,754.6,0.27,376,2.28,24.4,,
691,970.8,0.03,730.9,0.07,481.2,0.23,240.1,0.97,9.71,,
692,585.8,0.06,434,0.21,297,0.78,147,2.09,25,,
694,331.3,0.04,248.6,0.06,165.45,0.36,82.83,1.37,3.34,,
695,815.66,0.09,612.3,0.18,407.9,0.32,204.2,1,8.15,,
696,1966.5,0.09,1448,0.17,980.2,0.3,496.5,0.88,19.88,,
697,1845.6,0.03,1391.7,0.07,921.4,0.51,464.6,1.45,45.4,,
698,1853,0.03,1382.5,0.08,920,0.56,465.7,2.14,60.94,,
699,1957.5,0.07,1489.1,0.12,978.1,0.24,477.7,0.69,19.99,,
702,2068,0.04,1551.5,0.18,1034,0.9,512,2.54,82.9,,
703,2157,0.05,1612,0.19,1078,0.74,5400,2.31,75.85,,
704,1879.5,0.06,1418.3,0.1,935.2,0.16,468.1,0.49,18.84,,
705,2121,0.03,1594.7,0.19,1064.9,0.85,529,2.14,58.71,,
706,2001,0.08,1505,0.14,1000.7,0.21,500,0.55,19.93,,
707,819.5,0.03,615.1,0.06,410.1,0.13,205.1,0.46,8.12,,
708,2182,0.04,1620.9,0.27,1094.6,0.74,543.6,2.54,41.23,,
709,1967.4,0.08,1482,0.13,963,0.2,487,0.59,19.02,,
710,2109,0.05,1588,0.21,1054.9,0.9,527.3,2.25,73.66,,
711,1859.9,0.07,1395.3,0.13,928.9,0.25,460.3,0.78,18.51,,
712,2178,0.05,1632,0.29,1080,1.1,547,2.34,106,,
713,2133,0.05,1594,0.3,1065,0.91,530,2.38,63.32,,
714,2182,0.02,1628,0.18,1158,0.25,553,0.74,21.25,,
715,1878.4,0.07,1438,0.14,938,0.23,470,0.75,18.73,,
716,2263,0.06,1697.7,0.34,1132.1,0.94,567.3,2.53,61.54,max depth available,
717,2095,0.05,1586.9,0.17,1043.6,0.86,528.7,2.6,52.62,max depth available,
718,2022,0.07,1514.6,0.15,1011.4,0.29,505.3,0.81,20.52,,
719,1915.5,0.35,1354.5,0.45,938.8,0.6,514.9,2.59,85.8,max depth available,
721,1828.3,0.06,1373,0.14,924.2,0.25,467.4,0.84,8.28,,
723,2059,0.06,1534.5,0.17,1029.1,0.32,517.7,0.93,20.56,,
724,1877,0.02,1415,0.2,935.2,0.83,471.1,2.66,34.3,,
725,1818.9,0.06,1375.8,0.11,906.9,0.24,450.7,0.64,18.8,,
726,1797.5,0.01,1351,0.03,841.4,0.45,459.6,2.66,98.66,,
728,314.1,0.05,210.1,0.09,125.98,0.21,75.89,0.98,3.27,,
729,1902,0.03,1423.57,0.06,945,0.49,488.1,2.45,56.06,,
760,760,0.02,560.37,0.1,383.8,0.24,191.32,0.88,7.66,,
762,1844.7,0.01,1371.01,0.03,937.7,0.21,471.1,2.41,37.28,,
763,454.1,0.01,355.2,0.05,223.8,0.28,116.2,1.59,26.9,,
765,1820.2,0.05,1325.9,0.09,913.3,0.19,450.9,0.82,18.29,,
766,1159,0.01,789.3,0.03,547.2,0.15,289.4,2.17,27.04,,
768,1295.7,0.06,971.7,0.08,648.4,0.39,320,1.5,12.89,,
769,1634.3,0.08,1177.8,0.11,806.1,0.29,411.8,1.25,16.61,,
771,1784.2,0.04,1384.2,0.06,892,0.64,445.8,2.55,30.49,,
773,1779.8,0.06,1125.1,0.09,852.7,0.59,456.8,1.54,75.36,,
774,1501.2,0.03,1177.1,0.05,746.8,0.2,378.5,0.99,15.8,,
776,706.8,0.04,534,0.05,351,0.42,174.2,2.48,19.88,,
777,515.5,0.02,378,0.04,244.8,0.25,127.03,1.26,5.1,,
779,413.8,0.04,309.8,0.07,208,0.19,103.86,0.78,4.14,,
780,1625.6,0.02,1207.6,0.05,805.6,0.18,407.9,0.69,16.14,,
783,1994.7,0.05,1450.9,0.15,997.6,0.32,498.2,1.04,19.11,,
784,1867.7,0.05,1420,0.06,934.2,0.44,474.2,2.07,18.82,,
787,1296.7,0.04,974.2,0.05,649.1,0.07,324.2,0.77,12.96,,
788,1140.6,0.04,854.9,0.05,572.2,0.18,281,0.66,11.51,,
790,543.5,0.01,405.8,0.03,276,0.16,131.42,0.99,5.4,,
791,596.2,0.01,441.6,0.06,293.2,0.7,148.81,2.02,5.16,,
792,2062,0.04,1524.9,0.25,1036.2,0.55,518.8,2,21.22,,
793,1927.5,0.08,1459,0.25,956.5,0.45,482.7,1.34,21.51,,
796,1754.2,0.04,1314,0.07,879,0.56,444,1.28,38.7,,
797,372.5,0.02,280.1,0.07,182.87,0.21,92.96,0.89,3.72,,
799,1933.9,0.05,1449.2,0.11,968.5,0.91,483,2.55,67.74,,
801,1703.7,0.04,1236.2,0.05,855.7,0.13,423.5,0.51,17.3,,
803,1791.4,0.04,1361,0.07,893.1,0.76,445.2,1.48,177.03,,
804,1566.4,0.06,1130.8,0.11,787.9,0.19,393.1,0.61,15.12,,
805,1681.4,0.11,1066.3,0.14,844.6,0.21,427.4,0.6,16.23,,
806,1824.8,0.05,1256,0.22,912.5,0.85,457,2.6,38.37,,
809,1837.7,0.07,1375.2,0.12,924.9,0.21,452.7,0.62,19.26,,
811,1955.8,0.08,1017.3,0.09,987.9,0.69,476.1,1.43,53.06,,
814,1877.5,0.05,1123,0.2,932,0.81,470.4,1.41,69.8,,
815,1952.5,0.05,1452,0.08,976.4,0.22,489.4,0.64,19.58,,
816,2036,0.06,1525.7,0.14,1018.4,0.27,509.7,0.75,20.36,,
817,640.4,0.04,484,0.07,338,0.54,169,2.24,19,,
819,1814.8,0.04,1361.4,0.07,918.9,0.76,452.7,2.12,25,,
820,808.5,0.05,608.8,0.1,401.1,0.25,203.1,0.76,8.25,,
824,1513.5,0.04,1110.4,0.06,726.3,0.73,371.6,2.52,64.99,,
825,1757.5,0.05,1349.3,0.08,846.1,0.6,444.4,2.13,64.01,,
826,1977.2,0.05,1485,0.12,980.9,0.78,495.5,2,109.09,,
827,1625,0.06,1217,0.12,817,0.25,406,0.9,16.19,,
828,1972.8,0.05,1469.5,0.3,977,1.15,493.1,2.61,103.02,,
829,1695.8,0.07,1246.3,0.14,840,0.29,427.2,0.84,16.38,,
830,1925.8,0.04,1378,0.07,972,1,504,2.43,173,,
831,1756.8,0.05,1278.6,0.11,968.1,0.28,442.4,1,18.43,,
832,1813.4,0.04,1347,0.06,934.5,0.93,464.5,2.75,172.5,,
833,918.5,0.07,687.4,0.15,456.1,0.32,227.6,0.95,9.15,,
834,1794.2,0.05,1316.8,0.1,888.5,0.81,447.4,2.15,99.33,,
835,1475.4,0.06,1112.4,0.13,727.2,0.2,376.6,0.81,14.18,,
836,1378.1,0.03,1034,0.06,675.4,0.52,347.2,2.28,61.62,,
837,126.75,0.03,98.1,0.09,63.5,0.28,30.39,1,1.26,,
838,236.3,0.03,173.39,0.07,113.06,0.36,59.47,1.94,3.5,,
839,676.7,0.02,503,0.05,340,0.16,166,0.79,6.2,,
840,30.79,0.19,23.54,0.23,14.89,0.31,7.36,0.76,0.32,,
841,487.5,0.08,341,0.1,242.9,0.13,124.7,0.31,4.83,,
842,106.76,0.04,80.35,0.06,52.85,0.27,26.28,1.24,1.05,,
843,1863.3,0.05,1330,0.07,933.3,0.19,463,0.77,18.15,,
844,265.5,0.02,197.4,0.05,134.9,0.57,66.4,1.93,9.9,,
845,46.2,0.04,34.25,0.08,23.43,0.34,11.75,1.13,0.49,,
846,1829.6,0.05,1382,0.15,910.9,0.28,451.2,0.91,17.58,,
847,1881.7,0.09,1420.5,0.2,933.4,0.33,463,0.93,17.38,,
848,562.1,0.03,428,0.06,272,0.23,142.2,1,5.6,,
849,580,0.03,442,0.06,297.4,0.63,145.3,2.04,23.61,,
850,1835.5,0.05,1375,0.06,916,0.8,450,2.25,91.45,,
851,1247.1,0.02,938,0.1,621.1,0.24,313.4,0.95,12.5,,
852,1638.5,0.04,1231,0.11,814.8,0.22,413,0.86,16.36,,
854,594.2,0.03,443.8,0.13,279.7,0.31,149.1,1.25,5.93,,
855,1890,0.03,1417,0.3,947,0.8,472,2.28,64,,
856,1812.8,0.03,1343,0.12,907.9,0.27,453.4,1.02,18.32,,
857,947.4,0.03,709,0.07,471,0.23,235,2.18,9.45,,
858,1443.5,0.04,1087.4,0.08,719.6,0.77,360.3,2.56,54.72,,
859,1970.9,0.03,1487,0.09,986,0.26,495,0.87,19,,
860,1685.7,0.08,1265,0.1,842,0.2,426,0.7,16.7,,
861,1788.5,0.04,1449.2,0.24,897.3,1,443.2,2.24,116.5,,
864,2075,0.1,1560,0.16,1033,0.29,516,0.79,20.61,,
872,2118,0.06,1579.1,0.23,1055.5,0.4,527.3,1.4,22,,
873,2115,0.05,1505,0.35,1063.3,0.86,533,2,66.17,,
874,2142,0.04,1678.6,0.35,1085.6,1.4,535.2,1.95,171.6,,
875,1850.8,0.09,1390,0.22,922,0.37,462,1.08,18.53,,
876,2047,0.06,1528,0.24,1048,0.5,512,1.87,20.7,,
877,2120,0.06,1592,0.24,1054,0.89,532,2.36,88,,
878,1958,0.03,1449,0.39,971,1.09,494,2.29,105,,
879,1976.3,0.08,1472,0.16,968,0.43,475,0.8,19.73,,
880,2013,0.04,1527.8,0.19,997.5,0.43,522.8,1.49,26.81,,
881,2045,0.04,1552.2,0.19,1049.2,0.56,830.4,2.2,109.7,,
882,2057,0.07,1509.1,0.32,1025.4,0.96,517.1,2.21,87.85,,
993,1670.45,0.05,1277.5,0.08,830.7,0.66,410.2,2.49,27.17,,
994,1242.3,0.04,940.9,0.06,653.8,0.85,303,2.52,61.55,,
995,1484.2,0.04,1124.6,0.06,738.4,0.69,371.6,2.38,55.43,,
996,1081.6,0.04,825.8,0.08,541.6,0.49,280.7,2.01,52.6,,
997,917.2,0.04,689.2,0.06,448.8,0.4,229.3,1.65,9.02,,
999,2108,0.05,1580,0.11,1048,0.22,522,0.86,21.3,,
1000,1762.3,0.1,1319,0.2,882,0.36,439,0.89,17.63,,
1001,1681.4,0.05,1255,0.25,842,0.53,428,1.63,16.8,,
1004,2140,0.05,1580.8,0.12,1066.5,1.09,532,1.78,254.5,,
1005,2091,0.05,1575,0.37,1041,0.84,527,2.01,81.66,,
1008,1817.4,0.07,1365,0.18,902,0.4,455,1.03,18.23,,
1009,1730.3,0.06,1291,0.22,869,0.46,436,1.38,17.06,,
1010,1919.7,0.06,1432,0.19,954,0.36,480,1.13,19.07,,
1011,2156,0.05,1537,0.41,1077.1,1.41,523.3,2.54,158.3,,
1012,2098,0.06,1520.3,0.51,1061.9,1.75,519.6,2.31,465.4,,
1013,2184,0.05,1619.5,0.35,1074.7,0.95,544.4,2.25,133.2,,
1014,2159,0.06,1606,0.38,1072.9,1.07,535.9,2.36,100.5,,
1015,2128,0.09,1573.1,0.27,1052.4,0.52,545.8,1.61,23.63,,
1017,1990,0.04,1492,0.24,976,0.36,489,0.98,19.65,,
1018,1902,0.07,1480,0.22,949,0.33,466,1.15,20.23,,
1019,1808.6,0.05,1340,0.25,914.7,0.46,462,,15.2,,
1020,1858.5,0.02,1346,0.05,914,0.24,454,1.29,18.3,,
1021,2128,0.05,1598,0.37,1067,1.17,542,2,195,,
1022,2128,0.05,1598,0.37,1067,1.17,542,2,195,,
1023,2127,0.07,1562,0.32,1063,0.76,533.1,2,95,,
1024,1830.3,0.1,1368,0.19,909,0.32,458,0.96,18.05,,
1025,1967,0.06,1471,0.33,980,0.66,494,1.98,19.59,,
1026,1672.6,0.11,1253,0.31,826,0.46,419,1.26,16.69,,
1027,2038,0.06,1501.2,0.3,1008.1,0.94,517.8,2.52,25.38,,
1029,2050,0.05,1544.1,0.38,1022.3,1.57,517,2.49,261.3,,
1030,2118,0.04,1566,0.24,1066,0.92,538,2.41,76.1,,
1031,2071,0.04,1549,0.2,1025,0.81,516.4,2.38,59.34,,
1032,2018,0.05,1521.4,0.21,984.1,0.42,545.5,1.31,19.7,,
1033,2415,0.07,1820,0.12,1205,0.29,602,1.17,24.3,,
1034,410.8,0.01,309,0.29,200,0.41,102,1.08,4.19,,
1035,328.4,0.04,240.1,0.06,170.01,0.31,83.43,1.31,3.28,,
1036,234.5,0.04,172,0.12,118,0.75,50.75,1.46,2.33,,
1037,2008,0.05,1527.3,0.2,1068.8,1.35,504.4,2.38,23.27,,
1038,1994.5,0.04,1434.3,0.14,997.1,0.98,479.6,2.21,106,,
1039,1777.2,0.1,1343,0.23,872,0.39,438,1,19.5,,
1040,1679,0.06,1215,0.23,820,0.45,413,1.72,16.59,,
1041,1656,0.03,1258,0.1,829,0.29,407,1.29,12.24,,
1042,1288,0.05,990,0.1,644,0.21,322,0.89,12.87,,
1043,1608.4,0.06,1197,0.15,808,0.44,407,1.9,15.9,,
1044,1641.3,0.06,1255,0.17,828,0.35,410,1.24,16.2,,
1045,1865,0.09,1394,0.17,935,0.31,457,0.88,18.59,,
1046,1823.3,0.08,1329.5,0.16,918.2,0.42,452.3,1.48,18.34,,
1047,1785.2,0.04,1349,0.07,902.7,0.78,446,2.28,89.82,,
1048,1815,0.05,1305.5,0.11,900.5,1,431.8,1.28,111.83,,
1050,1924.7,0.05,1419.5,0.11,958.2,1.34,481,2.33,265.5,,
1051,2007,0.04,1519.4,0.18,1026.7,0.82,505.5,2.31,95.1,,
1052,1834.4,0.04,1373,0.13,920,0.27,456,0.9,18,,
1054,1769.9,0.05,1307.6,0.21,890.6,0.98,442.1,,113.7,,
1056,1518.3,0.05,1132,0.09,757,0.17,379,0.68,15.14,windy- waves on surface,
1070,1735.4,0.05,1302,0.14,867.6,0.79,429.7,2.24,73.8,,
1071,1161.2,0.06,874.6,0.15,586,0.28,289,0.82,11.61,,
1074,1628.2,0.04,1265,0.11,818.4,0.24,407.8,0.69,16.4,,
1076,1191.2,0.03,854,0.06,592.5,0.27,297.8,1.96,80.5,,
1078,1841.6,0.05,1382.6,0.42,923.5,1.26,460.1,2.44,141.38,,
1079,1613.1,0.08,1201.2,0.16,805.6,0.29,405.3,0.85,16.5,,
1080,1784.4,0.07,1332.7,0.15,899.1,0.29,450.2,0.93,17.73,,
1081,1544.7,0.04,1157.5,0.09,774,0.91,392,1.93,112.88,,
1084,1293,0.1,972,0.16,665.1,0.35,317.3,1.06,12.35,,
1085,2008,0.04,1503.3,0.09,1004.6,1.42,378.4,2.38,171.93,,
1086,1173.8,0.04,870,0.12,581,0.27,292,0.99,11.73,,
1087,1738.9,0.04,1316,0.22,864,0.4,432,1.22,17.02,,
1088,1407.6,0.11,1058,0.28,705,0.45,350,1.43,14.12,Intermittent cloud cover,
1090,2050,0.05,1530.6,0.1,1020.5,1.38,519.2,2,408.1,,
1091,1874.2,0.04,1417,0.25,945.8,1,463.7,2.07,148.5,,
1093,1675.2,0.08,1238.2,0.2,841.7,0.32,409.6,1.09,16.58,,
1096,1741.3,0.08,1300.9,0.19,871.5,0.34,476.8,1.12,17.4,,
1097,1795.8,0.05,1311.1,0.15,893.1,0.97,436.8,2.39,104.84,,
1098,1585.2,0.03,1192.9,0.06,792.9,0.83,392.9,2.32,120.67,,
1099,2337,0.05,1739,0.26,1169,0.91,584,2.22,116,,
1100,2526,0.03,1893,0.25,1259,1.04,616.8,2.48,128.9,,
1101,2329,0.04,1754,0.15,1166,0.34,583,1.05,23.23,,
1102,2502,0.06,1854.5,0.3,1264,0.71,634.2,2.2,29.08,,
1103,2528,0.05,1905,0.21,1295,1.11,666.1,2.3,399.7,,
1104,2590,0.03,1950,0.11,1298,1.2,647.9,2.39,216.9,,
1105,2527,0.05,1865,0.24,1262,1.34,635,2.22,338.6,,
1106,2430,0.07,1828,0.23,1212,0.45,607,1.46,24.12,,
1107,2168,0.07,1673,0.26,1088,0.51,542,1.63,21.8,,
1108,2198,0.08,1637,0.19,1098,0.34,552,1.12,21.8,,
1109,2041,0.05,1528,0.15,1025,0.31,510,1.12,20.49,,
1112,1705.6,0.06,1225.5,0.16,850.6,0.32,420.1,1.24,18.26,,
1113,1908.4,0.06,1464.4,0.2,951.1,0.37,477.5,1.07,19.9,,
1114,1288.1,0.05,961,0.68,642.4,1.01,320,2.42,78.8,,
1115,2942,0.07,2180,0.12,1471,0.84,728.6,2.27,119.6,,
1116,2149,0.05,1668,0.08,1055,0.71,534,2.26,88.24,,
1117,1532,0.02,1186,0.07,727.6,0.84,379,2.21,121,,
1118,1443,0.03,1048,0.07,729,0.82,376,2.24,101.2,,
1119,1070.4,0.04,809,0.06,540,0.62,250.73,2.21,75.33,,
1120,652.9,0.03,484,0.07,318,0.28,167.7,1.06,7.6,,
1121,930.1,0.04,700.1,0.07,469.2,0.74,232.6,2.35,53.34,,
1122,2546,0.13,1924,0.68,1256,1.57,609.7,2.21,236.6,,
1123,2413,0.04,1880,0.17,1218,0.89,608,2.22,274.5,"Very rough water; Windy, waves",
1124,2581,0.14,1518.5,0.36,1265,1.22,651,2.24,251.7,,
1125,2369,0.09,1735.5,0.38,1128.4,1.48,572,2.19,278.1,,
1126,2466,0.09,1833,0.34,1230,0.56,653,1.95,25.71,,
1127,2198,0.04,1687.8,0.2,1036.5,0.38,543.4,1.25,22.82,,
1128,1934.4,0.03,1461,0.07,962,0.2,476,0.92,19.5,,
1129,2167,0.05,1632,0.21,1084,0.41,541,1.27,20.11,,
1130,1898.2,0.06,1418,0.15,945,0.39,472,1.27,18.5,,
1131,2145,0.04,1637,0.07,1066,0.35,533,0.94,21.7,,
1134,2364,0.05,1785,0.34,1184,1.31,594,2.46,235,,
1135,2335,0.06,1766,0.27,1162,1.32,584,2.51,246,,
1136,2273,0.04,1726,0.11,1135,0.68,568,2.34,48.7,,
1137,2002,0.06,1505.4,0.16,1005.9,0.34,501.7,1.11,20.08,,
1139,2146,0.06,1612,0.19,1077,0.33,532,1.21,21.5,,
1140,2099,0.03,1566,0.08,1041,0.16,521,1.05,21.17,,
1141,1780.1,0.05,1336,0.08,892,0.18,442,0.85,16.4,,
1142,843,0.03,625,0.06,419,0.67,210,2.5,72.72,,
1143,1067,0.02,799,0.06,535,0.28,264,1.1,10.6,,
1144,677.7,0.04,509,0.06,338,0.58,166,2,29.66,,
1145,450.7,0.05,338,0.07,226,0.74,112.7,2.1,31.67,,
1146,286.9,0.02,216,0.42,72,0.04,143,2.25,18.91,,
1147,463.3,0.04,343,0.14,232,1.66,115,237,99.8,,
1148,703.6,0.03,527,0.06,350,0.45,179,2.26,30.95,,
1149,1329.7,0.08,994,0.11,656,0.19,335,1.43,13.69,,
1150,328.2,0.04,277,0.07,164,0.21,82,0.89,3.3,,
1151,1298.2,0.03,970,0.05,643,0.08,323,1.23,12.9,,
1152,2024,0.02,1526,0.04,1019,0.07,502.4,1.16,114.7,,
1153,162.73,0.03,122.6,0.05,81.26,0.33,40.17,2.21,13.78,,
1155,859.4,0.05,634,0.08,428,0.27,214,0.97,8.54,,
1156,2081,0.04,1566,0.09,1032,1.21,560,2.33,220.8,,
1157,149.9,0.05,111.5,0.19,74.25,0.49,37.53,0.93,15.13,,
1158,320.1,0.03,240,0.07,159,0.2,81.5,0.83,3.2,,
1163,397.1,0.02,293.2,0.05,198.98,0.5,100.13,2.21,7.72,,
1164,2498,0.05,1901.8,0.11,1213,0.85,627,1.96,230.4,,
1167,1760.2,0.03,1327.9,0.05,882.1,0.2,447.8,1.05,17.1,,
1168,1997.2,0.03,1479,0.06,997.7,0.16,497.2,0.64,19.93,,
1169,360.9,0.03,254,0.09,179,0.22,90.7,0.94,3.65,,
1172,1462.7,0.01,1026,0.2,733,0.6,363.5,1.63,14.17,,
1173,704.2,0.06,562.8,0.2,344,0.36,171,1.23,7.8,,
1174,327,0.03,244,0.07,167,0.24,80.63,1.2,3.01,,
1175,2156,0.05,1619,0.13,1074.4,0.45,539.9,1.85,21.37,,
1176,1962.2,0.05,1469.8,0.14,982.2,0.26,494.5,0.86,19.92,,
1179,2451,0.04,1846,0.16,1233.4,0.4,611.4,1.63,24.63,,
1180,2399,0.05,1790,0.07,1199.8,0.14,598.9,0.68,23.94,,
1181,2275,0.03,1708,0.14,1153,0.32,577,1.07,22.7,,
1182,2077,0.02,1539,0.05,1041.8,0.19,506,1.18,20.16,,
1184,1928.9,0.03,1465,0.04,960,0.18,475,1.02,19.77,,
1185,1980.3,0.05,1439,0.07,979,0.17,486,0.87,19.4,,
1187,472.3,0.01,347,0.05,239.5,0.07,117.68,0.19,4.73,,
1188,1840.9,0.04,1328.9,0.05,919.6,0.12,458.3,0.63,18.73,,
1189,2233,0.05,1676,0.09,1112.5,0.2,558.5,0.83,22.29,25% # reads .02 on data sheet which is too low,
1191,2254,0.06,1669.7,0.1,1127.2,0.18,568,0.71,22.75,,
1193,938.1,0.04,696,0.1,486.3,0.35,226.1,1.16,9.78,,
1194,1242.7,0.04,932.4,0.07,618.7,0.48,310.5,2.17,12.3,,
1197,2436,0.03,1830.4,0.34,1218.6,0.88,608.1,2.36,65.88,,
1198,2219,0.04,1636.5,0.11,1102.4,0.27,559.1,0.98,22.7,,
1203,2212,0.03,1619,0.07,1117,0.69,554,2.03,157.6,,
1205,1598,0.04,1199,0.12,800.8,0.28,400.3,1.08,15.98,,
1206,2191,0.07,1641,0.13,1090.1,0.22,547.2,0.67,22.94,,
1209,2193,0.07,1688,0.18,1094,0.28,547.9,0.89,21.7,,
1210,2298,0.02,1720,0.21,1149.8,0.79,576.8,1.52,62,,
1211,2522,0.06,1877.5,0.31,1262.4,0.92,634.1,2.3,120.25,,
1215,1956.5,0.07,1469,0.13,972,0.23,485,0.7,19.56,,
1216,2272,0.04,1711.8,0.12,1137.2,0.76,568.9,2.4,84.16,,
1219,2271,0.02,1726,0.11,1134.6,0.71,563,2.28,47.9,,
1220,2265,0.03,1693.7,0.19,1136,0.75,566.3,2.35,47.11,,
1221,2314,0.08,1729,0.17,1152,0.31,572,0.95,23.1,,
1222,2536,0.06,1901,0.21,1262,0.37,638,1.06,25.5,,
1223,2572,0.02,1927,0.3,1283,0.83,643.3,2.38,34.87,,
1224,2553,0.04,1930,0.27,1271,1.03,636.4,2.26,134.73,,
1225,2426,0.04,1825,0.34,1216,1.37,608.5,2.41,435.6,,
1226,2530,0.01,1898,0.03,1254,0.94,639,1254,155.94,,
1227,2345,0.07,1753.3,0.15,1176.4,0.27,583.4,0.84,23.24,,
1228,2579,0.06,1878,0.2,1296,0.32,636.8,0.93,25.28,,
1229,2446,0.06,1824.5,0.34,1227.5,0.79,618,2.23,88.14,,
1230,2542,0.05,1924,0.26,1279.5,0.67,632.5,2.31,24.22,,
1231,2429,0.07,1833.4,0.37,1225.2,0.89,605.8,1225.2,112.8,,
1232,2474,0.08,1871,0.34,1264.7,0.77,629.5,2.29,59.1,,
1239,2072,0.05,1530,0.07,1037,0.22,584,0.96,20.4,,
1240,2215,0.05,1620,0.16,1101,0.25,553,0.72,22.48,,
1241,2358,0.06,1760,0.14,1172,0.23,589,0.62,23.59,,
1242,2472,0.08,1842,0.23,1235,0.36,620,0.93,23.9,,
1262,2315,0.03,1701,0.11,1156.7,0.72,572.9,2.23,74.67,,
1264,2279,0.07,1702,0.19,1143.9,0.31,567.3,0.91,22.36,,
1265,2552,0.11,1920.9,0.24,1278.8,0.35,636.8,0.89,25.01,,
1266,2515,0.06,1872.9,0.23,1245.6,0.67,629.5,2.06,64.14,,
1267,2580,0.06,1941.4,0.39,1297,0.81,640.4,2.09,48.4,,
1268,2498,0.05,1838.9,0.51,1235,1.13,628.2,2.18,198.35,,
1269,2619,0.04,1901,0.34,1290,0.79,643,,111.49,Depth missing on subsurfaceIRR4,
1270,2113,0.05,1584,0.19,1051,0.4,532,1.26,21.47,,
1271,2212,0.06,1656,0.2,1105,0.35,551,1.04,22.16,,
1272,2342,0.06,1752,0.19,1176,0.34,579,0.98,23.8,,
1273,2213,0.06,1666,0.19,1106.3,0.86,550.8,2.24,122.84,,
1274,2103,0.04,1518.9,0.1,1051.6,1.01,526.5,2.01,210.3,,
1276,2436,0.05,1819.5,0.37,1220.2,0.87,608.8,2.38,59.96,,
1277,2532,0.04,1883,0.29,1260.1,0.8,638.1,2.35,58.24,,
1278,2490,0.04,1858.4,0.54,1249.2,1.36,620.3,2.24,212.9,,
1279,2470,0.05,1827.7,0.32,1218.9,1.19,613.7,2.39,136.48,,
1280,1990.9,0.05,1499,0.12,994,0.27,497,0.9,19.9,,
1281,2269,0.06,1704,0.18,1135,0.32,566,0.94,22.6,,
1282,2285,0.04,1719,0.2,1121.1,0.38,571.2,1.1,22.12,,
1283,2004,0.05,1552,0.19,1005,0.39,504,,20.6,no 4th depth?,
1284,2202,0.05,1645,0.14,1103,0.3,551,0.89,22.13,,
1285,2547,0.03,1905.4,0.26,1262.4,0.85,649,2.17,189.5,,
1286,2575,0.04,1962.8,0.25,1274.2,1.05,655.9,1.87,336.2,,
1287,2468,0.02,1891.1,0.09,1219.2,1.46,615,2.19,495.5,,
1288,2518,0.03,1864,0.25,1244.9,1.25,634.8,2.19,269,,
1289,2170,0.06,1637.8,0.19,1082.6,0.34,541,1.05,21.03,,
1290,2447,0.04,1817.9,0.25,1226.2,0.44,610.7,2.38,25.24,,
1291,2137,0.06,1606,0.08,1063,0.29,539,0.82,21.21,,
1293,2202,0.09,1656.2,0.21,1108,0.38,553.1,1.05,22.68,,
1294,2502,0.02,1853,0.21,1271.3,0.47,622.6,1.56,23.01,,
1296,2287,0.06,1706.5,0.16,1124,0.28,578,0.81,22.11,,
1297,2562,0.09,1925.5,0.3,1283.1,0.56,640.1,1.55,25.67,,
1298,2532,0.07,1870,0.34,1297,1.01,636,2.29,166.6,,
1299,2509,0.04,1825.8,0.24,1245.3,1.16,626.9,,150.44,,
1300,2488,0.04,1890,0.51,1253.5,1.36,622.9,2.3,270.3,,
1301,2527,0.06,1876.5,0.25,1233,1.24,630.8,2.33,193.6,,
1303,1847,0.08,1323,0.1,946.1,0.21,460.3,0.85,18.56,,
1304,2339,0.07,1726.7,0.14,1167.9,0.23,581.8,0.66,23.89,,
1305,2153,0.02,1631.33,0.07,1041.7,0.19,533.7,0.71,21.36,,
1306,2268,0.03,1714.5,0.09,1126.7,0.65,561,2.3,27.32,,
1310,2282,0.08,1721,0.26,1152,0.4,565,1.43,23.12,,
1311,2262,0.04,1666.4,0.16,1140.2,0.84,567,2.27,96.45,,
1313,1524,0.04,1142.6,0.13,762.8,0.27,375.9,1.03,15.23,,
1314,1693.2,0.06,1263.4,0.16,846.9,0.49,423,1.24,16.8,,
1315,1792.2,0.06,1386.9,0.19,892.4,0.39,447.1,1.14,17.85,,
1316,2061,0.06,1520.7,0.27,1032.5,0.57,501.8,1.94,27.96,,
1317,2092,0.06,1579.5,0.23,1046.7,1.22,527,2.44,213.4,,
1318,2120,0.07,1575.9,0.49,1066.9,1.47,532,2.52,207.8,,
1319,1838.1,0.07,1393,1.05,924,1.78,501.9,2.25,346.9,,
1320,2113,0.04,1487,0.17,1081,1.07,543,,,,
1322,2059,0.07,1571,0.37,1030,0.86,518.9,2.43,66.96,,
1323,2006,0.05,1536.3,0.52,1008.1,1.23,500.1,2.42,178.4,,
1324,2090,0.05,1579.2,0.27,1035,0.83,555.7,2.34,72.99,,
1325,2012,0.05,1521.8,0.2,1010,0.77,509,2.19,26.67,,
1326,2071,0.06,1503.5,0.22,1031.5,0.47,516.3,1.46,20.46,,
1332,2285,0.07,1734.2,0.26,1143.4,0.45,570.9,1.48,22.81,,
1333,2199,0.04,1639,0.21,1109,1.11,544,2.17,219,,
1335,2493,0.04,1868.5,0.21,1257.8,1.02,626.2,2.04,212.9,,
1336,2600,0.07,1914.3,0.15,1325,1.17,668,2.28,251.9,,
1337,2488,0.05,1864.5,0.34,1271.3,1.36,619.3,2.06,333,,
1338,2416,0.05,1894,0.23,1201.8,0.91,609.1,1.99,175.1,,
1339,2391,0.07,1739.5,0.27,1182,0.58,590.3,1.92,27.92,,
1340,1989,0.07,1495.2,0.16,994.7,0.32,496.5,1.07,19.91,,
1341,2489,0.04,1830,0.14,1214.3,0.74,637,2.22,146.3,,
1342,2099,0.07,1569.3,0.22,1039.5,0.46,526.1,1.47,22.32,,
1344,1568.2,0.05,1133,0.07,756.3,0.2,394.2,0.99,15.45,,
1345,2228,0.08,1680.5,0.17,1137.6,0.3,552.8,0.81,21.78,,
1346,1960.6,0.06,1443.5,0.14,990.7,0.26,496.2,0.9,19.61,,
1348,2214,0.06,1698.4,0.1,1101.7,0.57,556.1,2.27,37.89,,
1349,1119,0.04,837.3,0.13,529.1,0.51,277.2,2.19,11.45,,
1350,606.4,0.04,462.3,0.06,301.6,0.29,156.33,1.58,6.11,,
1353,2203,0.05,1618,0.07,1109,0.75,544.9,2.55,79.09,,
1355,1997.6,0.04,1477.7,0.12,986.5,0.49,497.8,2.25,19.8,,
1356,2466,0.08,1768.8,0.17,1218.3,0.58,609.8,2.08,39.21,,
1357,1264,0.04,97.1,0.19,632,0.41,297,1.49,13.54,,
1359,429.4,0.03,326.9,0.06,218.3,0.23,110.14,1.35,4.78,,
1361,412.9,0.04,304.9,0.09,206.7,0.2,100.82,0.68,4.12,,
1363,323.1,0.04,240.7,0.08,162.8,0.23,80.67,0.94,2.94,,
1365,1974.4,0.07,1407.3,0.09,987.2,0.15,456,0.6,19.84,,
1367,1893.1,0.05,1479.4,0.07,960.4,0.13,495,0.83,18.42,,
1368,1450.9,0.05,1055.6,0.06,778.4,0.12,363.5,1.3,14.24,,
1369,338.5,0.04,254,0.08,168.9,0.15,84.8,0.52,3.4,,
1371,,,,,,,,,,High flow/too turbid for light attenuation,
1373,73.55,0.07,50.21,0.14,38.39,0.3,18.67,1.08,0.076,,
1374,2268,0.07,1737.2,0.09,1171.8,0.18,588,0.74,23.1,,
1376,1901.9,0.05,1457.6,0.09,981.5,0.18,478.7,0.82,19.08,,
1377,1880.7,0.03,1462.9,0.08,943.3,0.29,471.5,1.11,18.37,,
1378,365.8,0.05,277.5,0.13,180.1,0.32,91.7,0.96,0.368,value for Sub4 seems weird,
1380,155.31,0.02,118.47,0.06,77.01,0.28,38.65,1.34,1.36,,
1381,505.2,0.02,378,0.12,256.4,0.28,126.6,0.93,5.39,,
1382,2558,0.045,1927.8,0.12,1213.6,0.24,649.5,0.92,26.16,Depth1 was listed as 0.45 on datasheet… -KM,
1384,1979.5,0.04,1491.6,0.07,947.6,0.16,493.5,0.93,20.1,,
1385,2117,0.06,1619,0.11,1024,0.22,513,1.01,21.67,,
1386,2486,0.13,1866.6,0.26,1245.6,0.44,628.9,0.85,93.6,,
1390,2085,0.08,1563.8,0.17,1045.4,0.37,528.8,0.9,63.12,,
1392,988.7,0.04,760,0.1,493.9,0.35,243.4,1.09,11.63,,
1393,2600,0.07,1941,0.24,1293,0.42,676,1.33,28,,
1395,2060,0.04,1550,0.1,1034,0.26,509,0.9,21.6,,
1396,1857,0.03,1380.6,0.15,924.9,0.31,464.9,1.29,18.9,,
1397,2119,0.05,1584.4,0.17,1058.5,0.33,530.4,1.37,20.89,,
1398,2140,0.09,1611.4,0.2,1079.2,0.34,533.7,1,44.4,,
1400,2472,0.09,1852,0.29,1231,0.65,643,2.09,29,,
1401,529.8,0.04,391.1,0.09,267.4,0.4,128.8,0.96,6.2,,
1402,2231,0.04,1696,0.12,1154,0.42,551,1.59,25,,
1404,2524,0.07,1811,0.29,1282,0.47,626,1.13,19.3,,
1405,914.5,0.14,686.2,0.24,455.3,0.6,228.9,100,43.2,,
1407,2004,0.03,1522,0.1,1007,0.42,502,1.86,24.2,,
1408,2422,0.03,1826,0.14,1224,0.21,608,0.67,25,,
1410,1268,0.04,946.5,0.36,649,0.69,323.2,2.1,30.62,,
1412,2125,0.98,1598,0.17,1070,0.29,530,0.47,21.74,,
1414,1489.7,0.04,1126,0.1,745.5,0.26,369.7,1.07,14.23,,
1415,2079,0.05,1567,0.16,1005,0.37,519.8,1.48,20.06,,
1416,2300,0.13,1718.2,0.21,1146.3,0.3,568.1,0.73,24.53,,
1419,2301,0.05,1732,0.33,1153,0.86,575,2.18,130,,
1421,2205,0.06,1657,0.17,1104,0.76,552,2.35,40,,
1422,1916.7,0.04,1481,0.21,963,0.71,490,2.45,57.9,,
1423,1987.7,0.1,1474,0.21,997,0.72,493,2.49,22.71,,
1424,2274,0.04,1712,0.26,1131,0.78,568,2.42,75,,
1458,362.3,0.03,272,0.06,182,0.18,90.5,1.04,3.67,,
1460,2164,0.05,1629,0.1,1084,0.22,523,0.96,21.67,,
1462,2218,0.12,1660,0.21,1190,0.24,554,0.75,22.1,,
1463,2381,0.02,1788,0.09,1198,0.34,589,1.04,23.6,,
1464,2162,0.03,1625,0.25,1081,0.44,540,1.62,22.07,,
1465,2350,0.2,1769,0.52,1168,1.17,588,2.21,61.5,,
1466,2408,0.1,1803,0.36,1209,0.93,603,2.21,381,,
1467,2431,0.08,1804,0.37,1264,1.29,610,2.21,286,,
1468,2994,0.04,2219,0.3,1495,0.62,748,2.21,92.12,,
1469,2358,0.06,1700,0.3,1146,1.26,583.4,2.21,354.6,,
1470,2441,0.05,1812.9,0.14,1220.9,0.45,620.8,2.21,23.97,,
1471,1412,0.05,1062,0.13,703,0.3,355,1.13,14.1,,
1472,2004,0.05,1502,0.15,1007,0.3,502,1.01,20.05,,
1473,2355,0.07,1766,0.13,1173,0.19,587,0.5,23.25,,
1476,2233,0.08,1673.8,0.15,1117,0.24,555.7,0.76,22.38,,
1477,2224,0.1,1646,0.29,1119,0.54,553,1.43,22.04,,
1478,2312,0.03,1769,0.34,1156,1.2,577,2.49,118,,
1479,2395,0.04,1753,0.27,1199,1.25,595,2.49,238,,
1480,2392,0.1,1764,0.25,1197,0.85,588,2.49,343,,
1481,2358,0.12,1793,0.41,1186,1.72,579,2.49,425,,
1482,2245,0.06,1651,0.36,1118,0.96,559,2.49,102.07,,
1483,1706,0.06,1705,0.13,855,0.27,428,1.02,17,,
1485,2063,0.05,1542,0.16,1036,0.29,517,0.94,20.77,,
1487,2179,0.1,1631,0.18,1090,0.22,546,0.6,20.8,,
1488,2059,0.09,1567,0.13,1023,0.22,509,0.78,19.66,,
1489,2236,0.1,1669,0.22,1117,0.4,557,1.08,22.84,,
1490,2380,0.04,1787,0.32,1189,0.72,597,2.45,26.5,,
1491,2408,0.03,1815,0.17,1215,0.7,607,2.45,84.01,,
1492,2275,0.05,1715,0.31,1138,1.09,569.8,2.45,219.2,,
1493,2364,0.05,1782,0.23,1175,1.06,591,2.45,271.9,,
1494,2182,0.05,1645,0.27,1081,0.85,548,2.45,101.6,,
1495,970,0.05,726,0.1,488,0.23,243,0.93,9.74,,
1496,1930,0.02,1445,0.12,966,0.25,482.1,0.91,19.31,,
1497,2243,0.05,1681,0.13,1128,0.19,565,0.6,22.44,,
1498,2080,0.07,1566,0.12,1038,0.23,521,0.7,20.2,,
1499,2171,0.8,1676,0.12,1138,0.51,536,1.52,22.6,,
1500,2471,0.03,1869,0.28,1238,0.72,632,2.21,32.5,,
1501,2518,0.04,1806,0.21,1237,0.99,611,2.45,288,,
1502,2524,0.04,1863,0.34,1309,1.16,648,2.46,219,,
1503,2518,0.05,1877,0.16,1214,0.78,620,2.45,227.5,,
1504,2251,0.06,1629,0.17,1055,0.72,583,2.42,178,,
1505,2015,0.02,1511,0.05,1009,0.22,505,0.74,20.1,,
1507,2304,0.04,1731,0.16,1150,0.28,573,0.71,23.6,,
1509,2375,0.06,1783,0.13,1187,0.2,597,0.56,23.69,,
1510,2071,0.07,1522,0.09,1122,0.16,519,0.5,23.05,,
1511,2179,0.1,1663,0.24,1079,0.41,543,1.23,23.18,,
1512,2356,0.07,1765,0.28,1121,0.65,580,2.15,43,,
1513,2383,0.09,1805,0.45,1110,1.03,610,1.16,144.8,,
1514,2383,0.06,1726,0.3,1158,1.17,660,2.15,258.8,,
1515,2402,0.06,1806,0.38,1289,1.25,606,2.15,219,,
1516,2426,0.09,1783,0.32,1291,0.91,601,2.15,55.8,,
1517,2101,0.05,1575,0.21,1056,0.51,522,1.8,21.3,,
1518,2213,0.09,1688.5,0.29,1114.9,0.86,553.1,2.49,95.02,,
1520,2309,0.04,1771,0.24,1168.9,1,573.2,2.28,130.06,,
1522,2187,0.07,1629.5,0.22,1096,0.57,543.8,1.8,21.42,,
1523,1237.9,0.08,923.2,0.22,618.9,1.53,209.1,2.18,70.91,,
1526,946,0.02,708,0.06,474,0.32,235.8,2.03,9.63,,
1528,2243,0.04,1662.3,0.07,1115.2,0.65,565.3,2.49,83.05,,
1530,456,0.03,343.6,0.05,227,0.45,114.5,1.66,4.61,,
1531,2343,0.05,1757,0.07,1177.2,0.44,586.5,2.18,23.9,,
1533,440.2,0.01,340,0.05,220,0.18,109.5,2.09,4.4,,
1537,2265,0.01,1678.1,0.03,1152.6,0.12,568.2,1.5,22.47,,
1539,1984.8,0.04,1448.5,0.08,990.3,0.29,496.6,1.24,19.9,,
1541,1883.5,0.05,1436,0.12,947.6,0.56,470.6,2.18,30.27,,
1542,2041,0.04,1542,0.06,1027,0.47,513,1.92,48.6,,
1543,1118.2,0.02,853.9,0.04,568.8,0.3,271.5,1.91,29.8,,
1545,2136,0.04,1644.3,0.07,1079.5,0.31,530.6,1.88,21.84,,
1546,520.6,0.03,391.5,0.05,260.9,0.56,130.3,2.19,13.72,,
1547,656,0.02,473,0.05,337,0.29,164.3,1.92,8.25,,
1549,285.8,0.02,216,0.05,142.3,0.33,77,1.78,2.8,,
1551,281.8,0.02,208.3,0.05,141.99,0.22,70.62,1.09,2.82,,
1552,1957.8,0.04,1461.6,0.12,976.9,0.37,489.5,1.42,19.78,,
1554,2413,0.05,1807.4,0.18,1207.4,0.58,602.8,1.21,24.21,,
1556,771.01,0.03,569.4,0.06,384.9,0.27,193,1.17,7.76,,
1557,2219,0.05,1639.8,0.17,1115.9,0.54,544.1,1.9,22.51,,
1558,2062,0.03,1545.7,0.08,1030.8,0.26,516.5,1.19,20.54,,
1560,726.9,0.03,549,0.05,362,0.5,181,2.3,14.8,,
1561,700.8,0.03,524.6,0.06,354,0.28,174.1,1.07,7.08,,
1563,498.8,0.01,372.9,0.04,246.2,0.35,124.7,1.92,16.3,,
1564,2017,0.04,1516.5,0.12,1001.2,0.22,501.4,0.83,19.61,,
1565,1918,0.04,1443,0.1,955,0.34,481,1.62,19.1,,
1567,2301,0.11,1721.4,0.22,1145.5,0.37,554,1.04,22.7,,
1568,2443,0.03,1831,0.14,1223,0.28,613,0.81,24.5,,
1569,2418,0.07,1829,0.22,1225.2,0.36,600.9,0.96,24.32,,
1570,2229,0.06,1682,0.12,1110,0.2,554,0.62,22.3,,
1571,899.9,0.04,684,0.09,436.7,0.26,212,1.07,8.23,,
1572,1365.6,0.03,1036.2,0.07,684.7,0.12,345.4,0.45,13.65,,
1576,2498,0.05,1860,0.27,1245.2,0.71,623.4,2.52,24.5,,
1577,2166,0.05,1625,0.12,1085.9,0.39,541.2,1.29,21.66,,
1583,2053,0.07,1527.7,0.12,1028.8,0.37,515.8,1.05,20.62,,
1585,2446,0.05,1810.5,0.28,1229.2,1.11,610.6,2.19,207.7,,
1586,2399,0.03,1762,0.25,1224,0.87,610.7,2.2,124.59,,
1587,2402,0.08,1817.5,0.35,1216.2,1.03,603.8,2.2,132.89,,
1588,2444,0.04,1830,0.3,1226.6,1.04,611,1.92,174,,
1589,2439,0.09,1883,0.11,1216.5,0.82,645,1.93,144,,
1590,2457,0.04,1839,0.34,1230,0.55,620,1.73,25.7,,
1591,2326,0.04,1744,0.12,1163,0.2,581.7,0.58,23.1,,
1592,2369,0.04,1783,0.13,1184,0.24,591,0.69,23.5,,
1593,2171,0.03,1631,0.11,1082,0.24,547,0.88,21.06,,
1594,2397,0.06,1747,0.52,1163,1.26,582,2.2,150,,
1595,2356,0.07,1732,0.25,1177,1.03,583,2.21,114,,
1596,2431,0.08,1872,0.4,1250,1.11,608,2.21,214.6,,
1597,2483,0.06,1853,0.38,1224.2,0.97,615,2.21,102.6,,
1598,2410,0.04,1880,0.28,1217,0.63,608,2.21,34.4,,
1599,2320,0.03,1740,0.09,1162,0.17,583,0.5,23.1,,
1600,2148,0.04,1607,0.09,1067,0.23,534,0.77,21.5,,
1601,1955.5,0.05,1462,0.12,977,0.21,483,0.8,19.24,,
1602,1277,0.04,978,0.1,637,0.53,320,2.11,112,,
1603,2610,0.04,1904,0.16,1304.3,1.19,652,2.29,260,,
1604,871,0.03,636,0.11,432,0.63,218,2.1,33,,
1605,2680,0.03,2035,0.07,1308,0.58,670,2.21,66,,
1607,2153,0.06,1617,0.19,1081.8,0.36,537.7,1.12,21.56,,
1608,741.8,0.03,556,0.06,374,0.7,185.1,2.09,42.6,,
1610,2364,0.04,1773.4,0.3,1183.3,0.84,591,2.19,67.7,,
1611,2559,0.08,1929.4,0.19,1280.2,0.46,635,1.5,25.72,,
1612,2318,0.03,1765.3,0.32,1152.1,0.84,572.7,2.29,180.2,,
1613,2313,0.08,1734.5,0.26,1146.1,0.44,642.7,1.36,23.12,,
1616,2138,17,1601.3,0.2,1078,0.47,536.4,1.54,21.2,,
1617,2365,0.07,1775.5,0.24,1186.4,0.97,591.6,2.22,142.82,,
1618,2095,0.06,1557,0.11,1048,0.31,527,1.18,20.84,,
1620,2330,0.06,1751,0.12,1161,0.32,584,0.99,23.2,,
1622,2373,0.04,1765,0.17,1178,0.3,589,0.88,23.2,,
1623,2463,0.05,1839,0.19,1231.5,0.42,616,1.26,24.7,,
1624,2520,0.07,1882.5,0.27,1254.2,0.89,630.1,2.5,102.41,,
1625,2374,0.02,1625,0.06,1136,0.3,592,1.35,23.19,,
1626,2468,0.04,1841,0.2,1238,0.76,618,1.32,24.6,,
1627,2534,0.07,1887.6,0.36,1244.6,0.93,631.4,2.3,149,depth 4 covered full stick ~5%,
1628,2528,0.07,1853.3,0.37,1286.6,1.15,631.4,2.3,258.6,SUBSURFACEIRR 10.2%,
1629,2500,0.08,1800.3,0.32,1288.6,1.35,629.5,2.3,245.2,,
1630,2271,0.04,1662,0.1,1160,0.75,570,,46,Depth4 full length of stick (2.3m?),
1634,,,,,,,,,,NOT WORKING- NOT TAKEN,
1636,,,,,,,,,,malfunction,
1638,,,,,,,,,,"Equipment malfunction, not taken",
1639,,,,,,,,,,equipment malfunction,
1640,2343,0.05,1754.7,0.23,1171.4,0.52,585.8,1.8,23.44,,
1641,2589,0.03,1938.7,0.25,1295,0.69,642.7,2.47,37.84,,
1642,2553,0.04,1904.6,0.17,1277,1.09,637.5,2.47,173.1,,
1643,2557,0.05,1908.6,0.16,1275.7,1.03,632.4,2.47,125.4,,
1644,2482,0.04,1835.9,0.23,1254.5,0.96,619.2,2.47,127.12,,
1645,2197,0.02,1599.7,0.27,1107.5,0.71,579.7,2.47,46.48,,
1646,2507,0.03,1885.1,0.23,1267.3,1,624,2.34,114.5,,
1647,1116,0.07,839,0.25,563,0.47,282,1.15,11.21,,
1649,1193.5,0.05,897,0.08,590,0.32,298.4,1.57,11.8,,
1663,1945.4,0.03,1446,0.1,971,0.3,478.9,0.96,19.8,,
1664,2335,0.05,1770,0.17,1167,0.36,586,1.14,23.4,,
1665,2157,0.05,1660.3,0.17,1089.2,0.73,535.1,2.49,30.91,,
1666,2228,0.05,1664,0.09,1115,0.9,557,2.5,129.4,Depth4 submerged fully.,
1667,2097,0.03,1562,0.1,1049.4,0.41,525.2,1.56,21.71,,
1668,2492,0.03,1865,0.05,1248,0.52,620.5,2.5,24.36,,
1669,2526,0.03,1896,0.05,1265.8,0.79,633.3,2.5,102.9,,
1670,2501,0.02,1842,0.04,1253,0.7,628.2,2.5,142,,
1671,2394,0.05,1680.2,0.11,1189.1,0.93,606.4,2.5,177.33,,
1686,2209,0.04,1652,0.14,1106,0.31,553,1.1,22.27,,
1687,2267,0.02,1689,0.19,1133.2,0.48,563.2,1.78,22.99,,
1688,2723,0.02,2041,0.06,1366,0.59,679.9,2.19,59.22,,
1689,2632,0.02,1968,0.08,1319,0.82,656.2,2.19,154.64,,
1690,2664,0.04,1985.5,0.06,1331.3,0.92,667.4,2.19,137.75,,
1691,2593,0.02,1951,0.07,1272,0.39,690,2.19,252.3,,
1692,2415,0.05,1793.2,0.07,1203.5,0.92,607,2.19,206,,
1693,2097,0.06,1579.6,0.27,1047.2,0.98,538.3,2.19,125.84,lots of leaves/debris in sample,
1694,2012,0.05,1501,0.17,1002,0.4,506,1.53,20.2,,
1695,2223,0.07,1662,0.24,1110,0.53,556,1.66,22.19,,
1696,2372,0.06,1764,0.19,1185,0.42,592.9,1.36,24.71,,
1699,2279,0.03,1704,0.18,1132,0.4,567,1.35,22.7,,
1701,2173,0.06,1642,0.3,1092,0.45,542,1.43,21.1,,
1703,1735.1,0.05,1303,0.2,871,0.4,432.4,1.17,17.25,,
1704,2615,0.09,1963,0.23,1303,0.52,656,1.92,28.9,Reading 4 was full length of the pole,
1705,1593.9,0.06,1093.4,0.19,795.5,0.42,695.8,1.54,16.51,,
1706,2265,0.02,1635.6,0.16,1127,0.3,562.7,2.29,28.05,,
1707,1514,0.09,1110.7,0.11,761.5,0.78,378.1,2.55,108.7,,
1708,1756.8,0.04,1310.1,0.05,850.7,0.43,439.1,2.55,91.71,,
1709,1419.9,0.03,1068.4,0.08,709.4,0.65,350.8,2.55,95.99,,
1710,1579,0.06,1139.9,0.12,796.8,0.57,382,2.55,6.29,,
1711,1926,0.08,1444,0.27,967,0.52,481.8,1.67,19.25,,
1713,1980,0.06,1492,0.2,989,0.4,496,1.48,19.6,,
1715,1953.2,0.06,1460,0.1,969,0.28,488.2,1.53,19.38,,
1716,2076,0.03,1550,0.09,1027,0.31,516,1.47,22.8,,
1717,2207,0.03,1627,0.25,1100,0.48,557,1.4,22.3,,
1718,2500,0.04,1833,0.13,1236,0.98,657,1.9,308,,
1719,2477,0.04,1852,0.15,1246,0.93,620,1.9,378,,
1720,2329,0.03,1727,0.2,1137,1,583,1.9,239,,
1721,2359,0.05,1775,0.24,1173,0.86,589,1.9,139,,
1723,116.6,0.05,87.3,0.12,58.2,0.35,29.16,1.49,1.15,,
1725,2357,0.05,1706.9,0.26,1170.1,0.96,583.3,2.5,103.75,,
1726,2237,0.09,1734,0.21,1192,0.44,558,1.35,22.05,,
1727,2329,0.02,1744.4,0.21,1152.1,0.44,580.4,1.6,21.97,,
1728,2374,0.07,1758.9,0.3,1160.5,0.95,587.1,2.5,103.98,,
1729,2398,0.05,1726.1,0.15,1160.5,0.94,619.5,2.5,135.82,,
1730,2372,0.07,1675,0.26,1127,0.99,583,2.5,94.51,,
1731,2279,0.03,1746,0.41,1058,1.18,569,2.5,155.89,,
1732,2318,0.04,1797,0.17,1121,0.52,560,2.5,211.6,,
1734,2027,0.06,1523.5,0.23,1004,0.45,506.2,1.56,20.27,,
1736,2358,0.07,1764,0.24,1177,0.44,589.4,1.55,23.5,,
1737,2234,0.06,1677,0.24,1115,0.5,556,1.36,22.5,,
1738,2317,0.06,1722.4,0.16,1152.1,0.46,579.7,1.59,22.99,,
1739,2430,0.05,1864,0.16,1212.2,0.82,604.1,2.37,111.8,,
1740,2457,0.04,1897.2,0.14,1226.3,0.8,627.6,2.37,188.44,,
1741,2374,0.03,1784,0.25,1197,1.02,574.6,2.37,209.2,,
1742,2344,0.08,1634,0.4,1056.5,1.22,596.1,2.37,188.64,,
1743,2352,0.08,1698,0.37,1190.4,0.64,572.2,2.37,27.94,,
1744,2490,0.04,1865,0.19,1246,1.21,637,1.9,420,,
1745,2432,0.05,1821,0.1,1214,0.82,608,1.9,177,,
1746,1861,0.04,1394,0.07,931,0.25,465,1.18,18.5,,
1748,2113,0.04,1577,0.12,1045,0.33,525,1.1,21.2,,
1750,,,,,,,,,,"No light taken, gate closed and no key",
1751,2334,0.06,1752,0.21,1168,0.47,585,1.62,23.33,,
1753,2010,0.05,1576,0.16,1004,0.33,502.3,1.19,20.19,,
1755,2229,0.06,1676,0.18,1113,0.37,556,1.35,22.28,,
1757,2210,0.08,1657.8,0.25,1145.4,0.44,562.4,1.33,21.75,,
1758,2000,0.05,1507,0.12,999,0.29,500.5,1.23,20.2,,
1759,2130,0.03,1574.6,0.09,1052.6,0.62,536.1,2.48,45.42,,
1760,2410,0.08,1891.8,0.25,1254.9,0.99,610.6,2.48,88.83,,
1761,2480,0.05,1874.4,0.2,1247.1,1.17,627.6,2.48,184.46,,
1762,2455,0.03,1840.2,0.17,1213.5,1.15,614.4,2.48,177.21,,
1763,2179,0.06,1629,0.3,1077,0.71,544,2.48,87.9,,
1764,2263,0.08,1652,0.15,1144,0.41,551.5,1.39,29.34,,
1765,2317,0.05,1749.5,0.2,1160.2,0.56,574.3,1.97,23.35,,
1766,2477,0.05,1864,0.16,1235.6,0.88,619.5,2.5,91.4,Depth 4 was end of pole.,
1767,2525,0.03,1849.7,0.09,1296.6,0.85,618.9,2.5,188.67,End of pole.,
1768,2481,0.01,1791,0.06,1345.7,0.77,619.2,2.5,191.56,Full length of pole.,
1769,2291,0.04,1777,0.13,1143.1,0.85,571.1,2.5,31.4,Full length of pole.,
1770,2272,0.04,1834,0.14,1137.7,0.47,562.1,2,22.95,,
1772,1834,0.04,1378,0.08,920,0.11,452,0.85,18.5,,
1774,1229.8,0.02,956,0.1,606,0.29,316,0.89,18.91,,
1776,1187.5,0.04,894.6,0.12,594.5,0.34,297,1.05,11.97,,
1777,3000,0.03,2203,0.08,1525,0.24,765.5,1.13,31.66,,
1778,2167,0.03,1653.3,0.11,1004.2,0.42,529,1.77,20.74,,
1779,1328.7,0.01,916.2,0.05,689.2,0.29,330.6,2.48,28.47,,
1780,1661.7,0.03,1246.4,0.07,836,1.21,415.4,2.48,82.31,,
1781,2678,0.05,2014,0.13,1334.2,0.83,679.3,2.48,101.35,,
1782,2487,0.06,1982.7,0.29,1183.6,0.81,685.7,2.48,176.92,End of light pole.,
1783,2388,0.08,1730,0.27,1191.6,0.91,593.5,2.48,144.66,,
1784,2013,0.04,1530.6,0.12,1014.7,1.09,504.9,2.48,130.01,,
1785,1966.2,0.04,1462.2,0.07,978.2,0.91,499.2,2.48,152.4,Depth4 = end of pole,
1787,1891.6,0.05,1418.5,0.11,948.3,0.32,484.7,1.58,19.26,,
1789,245.6,0.02,181.8,0.06,128.8,0.25,61.8,2.48,3.85,,
1790,1566.2,0.05,1157,0.17,782.3,0.38,391.9,1.83,15.67,,
1791,221.9,0.03,166.03,0.07,110.18,0.31,55.45,1.54,2.22,,
1792,2109,0.06,1547,0.2,1056,0.71,531,2.48,25.81,,
1793,2252,0.05,1688,0.14,1122,0.8,560.5,2.48,80.57,,
1794,2266,0.06,1662,0.09,1123.2,0.95,555.3,2.48,139.7,,
1795,2269,0.04,1702,0.08,1115.9,0.62,571.2,2.48,104.2,,
1796,2123,0.04,1555,0.06,1064,0.65,525,2.48,125,,
1797,2122,0.03,1636,0.06,996,0.62,526,2.48,50.43,,
1798,1427,0.04,1071,0.06,714,0.16,357,0.97,14.23,,
1800,,,,,,,,,,,
1801,1851,0.04,1380,0.1,925,0.29,462.7,1.09,18.54,,
1802,1896.3,0.06,1428,0.15,949,0.33,473,1.3,18.7,,
1803,2209,0.06,1654,0.22,1108,0.56,552,1.81,22.1,,
1805,1256.2,0.05,911.7,0.1,626.5,0.22,322.6,1,13.45,,
1807,1969,0.05,1487,0.15,985.9,0.38,491.5,1.33,19.64,,
1808,2353,0.07,1760.1,0.18,1179,0.31,583.7,0.95,23.75,,
1809,2146,0.05,1621.8,0.15,1053.9,0.49,521.6,2.18,21.48,,
1810,1821.4,0.03,1332.5,0.08,918.1,0.6,459.7,2.48,50.49,,
1811,1466.3,0.04,1047.8,0.07,744.7,0.84,369.1,2.48,72.1,,
1812,1493.2,0.04,1117.5,0.09,740.8,0.42,373.6,2.48,36.85,,
1813,1198.3,0.03,892.6,0.07,600.3,0.47,300.1,2.48,43.17,,
1814,1697,0.05,1263,0.07,849.4,0.3,423.7,2.48,19.65,,
1815,1478,0.02,1108,0.08,743,0.1,368,1,15.1,,
1817,2027,0.05,1540,0.12,1016,0.34,509,1.37,20.7,,
1818,2064,0.07,1511,0.13,1002,0.28,513,1.11,21.32,,
1819,1992.5,0.06,1491.8,0.21,992,0.62,499.6,2.48,28.8,,
1821,2296,0.05,1813,0.16,1144,0.98,572,2.48,131.6,,
1822,2163,0.06,1614,0.16,1077,0.47,548.7,1.34,52.14,"pole went as deep as water would allow,too shallow",
1823,2365,0.04,1746.1,0.1,1197,1.12,592,2.48,222.5,,
1824,2312,0.03,1724,0.12,1150.9,1.17,577.8,2.48,199.3,,
1825,2319,0.04,1759,0.12,1164,1.2,574,2.48,259,,
1826,2321,0.07,1759,0.14,1174,0.3,573.9,1.15,28.44,,
1827,1955.3,0.07,1453,0.1,975,0.77,498,2.48,115.5,,
1829,2113,0.04,1568.2,0.06,1054,0.6,520.3,2.14,56.81,,
1830,2042,0.03,1551,0.06,1012.8,0.38,513,2.07,20.37,,
1833,2237,0.05,1679,0.09,1119.1,0.36,558.7,1.45,22.2,,
1834,808.6,0.04,603.2,0.07,401.6,0.21,205.5,1.04,8.11,,
1836,168.23,0.04,127,0.08,83.74,0.21,42.21,0.74,1.67,,
1837,2265,0.05,1688.5,0.07,1131.8,0.15,566.9,0.5,22.67,,
1838,2147,0.06,1658,0.09,1074,0.14,534.5,0.37,21.11,,
1840,2128,0.06,1584.6,0.09,1061.9,0.25,524.2,0.86,28.02,,
1841,2448,0.09,1837.2,0.13,1236,0.24,617.3,0.71,25.1,,
1843,1511.3,0.01,1110.7,0.05,754.3,0.16,379.8,0.71,15.08,,
1844,2204,0.07,1658.4,0.11,1105.6,0.17,548,0.53,21.16,,
1847,330.4,0.06,235.4,0.09,162.12,0.2,81.02,0.63,3.13,,
1848,188.47,0.03,141.51,0.08,94.54,0.18,46.93,0.71,1.9,,
1849,3046,0.04,2259,0.09,1536,0.2,761,0.6,34.79,,
1850,2427,0.06,1810.9,0.1,1214,0.12,611.8,0.4,24.17,,
1852,1292.6,0.03,997.1,0.06,610.8,0.16,323.2,1.17,12.04,,
1854,1978.4,0.05,1487.6,0.09,981.2,0.24,496.6,1.3,20.4,,
1856,1604.8,0.05,1229,0.17,806.7,0.42,401.6,1.22,19.4,,
1857,2048,0.03,1542.6,0.06,1022,0.27,512.2,1.16,20.8,,
1859,2184,0.07,1636.2,0.2,1082.5,0.38,556.3,1.19,45.65,CLOUDS ROLLNG IN AND OUT,
1860,814.8,0.02,614.1,0.04,409.3,0.38,203.1,1.5,11.6,Do we really need this?- investigate data,
1862,2258,0.1,1621,0.31,1140,0.62,583,1.52,34,,
1863,2143,0.06,1608.6,0.16,1070.6,0.38,535.1,1.4,22.55,,
1864,565,0.05,426.3,0.1,285.3,0.3,142.02,0.48,55.95,Full cloud coverage,
1866,1843,0.09,1375.9,0.22,921.4,0.58,460.02,1.62,27,,
1868,1901.07,0.06,1421.7,0.24,946.1,0.54,474.6,1.84,18.8,,
1872,2242,0.08,1642.4,0.17,1117,0.35,565.7,1.19,23,,
1874,2331,0.08,1744,0.19,1161,0.3,585,0.82,22.89,,
1875,2294,0.05,1731.6,0.29,1122.5,0.8,576.9,2.21,58.88,Went all the way to end of pole,
1876,,,,,,,,,,Forgot equipment,
1882,2229,0.03,1634,0.36,1122,1.07,550,1.93,178,*End of light pole,
1883,2101,0.08,1158,0.2,1052.2,0.36,520.7,1.31,21.8,,
1885,2147,0.05,1620.2,0.15,1070.1,0.32,535,1.1,21.73,,
1886,2318,0.04,1739.2,0.27,1160.9,0.92,577.9,2,131.16,couldn't go all the way too 0.01. Ran out of ple,
1888,2034,0.06,1534,0.16,1011,0.36,508,1.54,20.35,,
1890,1466.3,0.06,1467.7,0.49,734.5,0.97,371.6,2.19,82.21,,
1891,2145,0.07,1607,0.25,1071,0.43,535,1.09,24,,
1892,,,,,,,,,,,
1893,2195,0.13,1649,0.27,1094,0.45,549,1.21,21.21,,
1895,2288,0.07,1717,0.11,1136,0.21,568,0.53,22.88,,
1896,2335,0.06,1746,0.23,1165,0.86,589,2.22,120,*reached end of pole.,
1897,2240,0.06,1671,0.14,1121,0.33,564,0.95,22,,
1898,2468,0.07,1847,0.2,1238,0.35,619,0.95,25.8,,
1900,2381,0.04,1741.3,0.24,1198.3,1.06,571.9,2.24,189.7,End of light pole,
1901,2354,0.03,1700.9,0.22,1163.6,0.44,586,1.71,24.58,,
1902,,,,,,,,,,,
1903,2290,0.1,1722,0.15,1144,0.95,578,2.08,160,,
1904,2340,0.05,1776.9,0.29,1132.2,1.17,590.5,2.24,201.7,End of light pole.,
1905,2424,0.02,1870.2,0.08,1226.1,1.04,600.4,2.24,209.9,End of light pole.,
1906,,,,,,,,,,,
1907,2212,0.05,1643,0.28,1128,0.93,553,2.1,135,,
1908,2311,0.09,1731,0.19,1110,0.32,588,0.95,22.1,,
1909,2004,0.04,1526,0.1,1020.5,0.43,500.8,0.54,20.06,,
1911,2256,0.13,1688.4,0.24,1121.6,0.39,566.4,1.1,22.14,,
1914,2133,0.08,1557,0.22,1059,0.49,531,1.41,21.35,,
1915,2129,0.12,1559,0.19,1071,0.34,531,1.11,21.54,,
1916,2183,0.06,1653,0.08,1086.4,1.16,544.3,2.48,149.85,*end of pole for depth 4,
1917,2370,0.05,1749,0.19,1192,1.09,591.5,2.48,214.5,,
1918,2440,0.05,1825,0.07,1211,1.11,560.6,2.48,154.87,,
1919,2490,0.05,1851,0.1,1240,0.78,620,2.48,72.57,,
1920,2438,0.06,1847.2,0.29,1224,0.58,607.7,1.66,24.47,,
1922,2038,0.06,1500.1,0.12,1012.5,0.27,509.8,0.94,20.3,,
1923,2132,0.07,1597,0.15,1076,0.34,539,0.94,21.58,,
1925,2139,0.12,1609,0.25,1059.7,0.31,532.5,1.15,21.09,,
1927,2169,0.02,1639,0.1,1074,0.2,540,0.74,23,,
1928,2379,0.07,1782,0.15,1186,0.29,595.9,0.96,23.75,,
1929,2847,0.07,2129,0.21,1421.6,0.41,716.5,1.13,28.77,,
1930,2974,0.04,2228,0.08,1497,0.87,751,2.48,117.8,End of pole reached for depth 4.,
1931,1710,0.03,1262,0.04,848,0.47,423,2.48,92.61,Depth 4 reached end of pole,
1932,1264,0.05,954,0.08,644,0.92,339,2.48,184.58,Depth 4 reached end of pole.,
1933,2658,0.04,1993,0.06,1328,0.56,664,2.48,95.89,Depth 4 reached end of pole.,
1934,982.4,0.02,736.7,0.05,499.4,0.3,246.2,2.48,19.38,Depth 4 reached end of pole.,
1939,2211,0.06,1659.2,0.16,1102.4,0.54,557.9,1.25,21.11,,
1940,259.1,0.02,193.42,0.05,130.66,0.65,64.3,2.19,11.6,End of pole reached for depth 4.,
1941,1832.7,0.05,1386,0.12,919.1,0.24,457.4,0.89,18.5,,
1943,2144,0.04,1602.1,0.15,1077,0.32,535.8,1.24,21.49,,
1945,2381,0.07,1745,0.18,1132,0.35,592,1.14,24,,
1947,2130,0.05,1434,0.15,1032,0.37,537,1.19,24.7,,
1948,529.7,0.08,324.5,0.1,200.5,0.45,157.3,1.88,51.58,,
1949,2394,0.08,1786,0.13,1194,0.48,590.7,1.45,23,,
1951,604.1,0.02,454.2,0.06,300,0.39,141.2,2.07,48.1,Depth 4 taken as far down pole as possible,
1952,1231.2,0.03,934.5,0.06,621.8,0.89,307,2.19,90.5,End of pole for depth 4,
1953,1463.1,0.02,996.4,0.06,729.3,0.17,375.9,2.15,23.71,,
1955,2218,0.04,1654.5,0.1,1196,0.65,557.7,2.19,94.3,Depth 4: end of pole,
1957,1930.5,0.04,1475.2,0.07,954.6,0.21,483.9,0.9,19.03,,
1959,1863.3,0.06,1399,0.1,931.9,0.22,467.1,0.81,18.69,,
1960,2220,0.06,1635,0.16,1110.7,0.33,555.7,1.16,22.25,,
1961,2039,0.08,1541,0.17,1012,0.31,507.3,0.98,19.45,,
1963,2322,0.1,1771.6,0.22,1146.9,0.37,564.2,1.12,23.55,,
1964,2136,0.03,1611,0.07,1039,0.73,532,2.19,121.1,4th depth end of pole,
1966,2423,0.05,1803,0.07,1213.8,0.78,607.1,2.19,182,Depth 4 end of pole,
1967,2400,0.05,1800.4,0.07,1212.7,0.91,600.6,2.19,222.5,Depth 4 end of pole,
1968,2452,0.05,1795,0.06,1232,0.86,614.6,2.19,136.5,Depth 4 end of pole,
1969,2453,0.06,1827,0.23,1227.9,0.52,615,1.96,24.3,,
1971,2346,0.08,1730.5,0.1,1147,0.37,557.4,1.15,23.07,,
1972,2072,0.06,1548.6,0.08,1003.8,0.86,519.4,2.19,144.57,End of pole for Depth4,
1973,2110,0.07,1584,0.19,1052,0.37,524.5,1.15,21.6,,
1975,1994.7,0.06,1494,0.15,997.7,0.33,493.7,1.29,19.77,,
1976,1901.1,0.07,1408,0.12,948,0.35,473,1.51,19.78,,
1978,2142,0.08,1604.2,0.19,1008.9,0.32,531.8,1,21.83,,
1980,1491.3,0.02,1119.7,0.07,747.3,0.56,375.2,1.7,14.95,calibration would not adjust to correct value,
1982,1515,0.03,1129.7,0.09,757.9,0.73,378.6,2.19,81.77,Depth 4 end of pole,
1983,2773,0.04,2090,0.14,1385.6,0.79,691.2,2.19,140.7,Depth 4 end of the pole,
1984,1135.2,0.04,855.5,0.07,563.4,0.09,285.1,2.19,53.7,cloud blocked sun. Depth 4 at end of pole,
1985,661.8,0.03,493.8,0.06,334.4,0.68,165.5,2.19,57.76,Depth 4 at end of pole,
1986,,,,,,,,,,Forgot Light Att. Supplies,
1987,1809,0.05,1346,0.14,903,0.34,449,1.39,18.3,,
1990,2039,0.05,1532.7,0.07,1025,0.66,508.6,2.21,122.75,Depth 4 end of pole,
1993,1953.3,0.07,1463.6,0.11,967.3,0.38,489.6,1.68,19.32,,
1994,539.5,0.02,404.3,0.05,266,0.34,134,2.21,6.5,,
1996,2016,0.04,1546.2,0.07,999.6,0.74,506.4,2.48,86.5,,
1997,2073,0.04,1553.1,0.07,1026.8,0.21,520.2,0.99,20.96,,
1999,262.6,0.01,197,0.05,131.6,0.1,65,1.23,2.7,,
2001,1847.8,0.03,1387.5,0.05,930.1,0.18,465.2,1.14,18.67,,
2003,2103,0.04,1543,0.06,1065,0.34,522.8,2,21.5,,
2005,393.3,0.02,294.6,0.05,195.3,0.4,98.5,2.19,10.67,,
2007,537.1,0.03,402.2,0.05,267.2,0.42,134.3,1.86,5.32,,
2009,1392.3,0.03,1038,0.04,694.8,0.11,344.5,1.33,13.06,,
2010,1927.7,0.04,1421.4,0.06,951.6,0.16,483.3,1.35,19.41,,
